date,value
1999-01-07,25.73
1999-01-11,25.89
1999-01-12,26.71
1999-01-13,25.95
1999-01-14,25.24
1999-01-15,25
1999-01-16,25.63
1999-01-19,25.89
1999-01-20,26.59
1999-01-21,25.93
1999-01-22,26.31
1999-01-23,26.38
1999-01-26,26.62
1999-01-27,26.41
1999-01-28,26.14
1999-01-29,26.06
1999-01-30,25.79
1999-02-02,25.86
1999-02-03,25.97
1999-02-04,26.2
1999-02-05,26.16
1999-02-06,26.2
1999-02-09,25.93
1999-02-10,25.89
1999-02-11,25.69
1999-02-12,25.81
1999-02-13,25.73
1999-02-16,25.76
1999-02-17,25.9
1999-02-18,25.68
1999-02-19,25.81
1999-02-20,25.58
1999-02-23,25.2
1999-02-24,25.19
1999-02-25,25.05
1999-02-26,25.17
1999-02-27,25.11
1999-03-02,25.17
1999-03-03,24.92
1999-03-04,25.05
1999-03-05,25
1999-03-06,25
1999-03-10,25.1
1999-03-11,25
1999-03-12,25.24
1999-03-13,25.46
1999-03-16,25.38
1999-03-17,25.33
1999-03-18,25.69
1999-03-19,26.09
1999-03-20,25.96
1999-03-23,26
1999-03-24,26.46
1999-03-25,26.42
1999-03-26,26.33
1999-03-27,26.26
1999-03-30,26.02
1999-03-31,25.94
1999-04-01,25.92
1999-04-02,26.16
1999-04-03,26.75
1999-04-06,27.01
1999-04-07,26.92
1999-04-08,27.15
1999-04-09,27.06
1999-04-10,26.91
1999-04-13,27.02
1999-04-14,26.95
1999-04-15,26.8
1999-04-16,26.77
1999-04-17,26.4
1999-04-20,26.48
1999-04-21,26.41
1999-04-22,26.26
1999-04-23,26.2
1999-04-24,26.22
1999-04-27,26.02
1999-04-28,25.91
1999-04-29,25.94
1999-04-30,25.73
1999-05-01,25.67
1999-05-06,25.63
1999-05-07,25.86
1999-05-08,25.96
1999-05-12,25.89
1999-05-13,25.73
1999-05-14,26.3
1999-05-15,26.57
1999-05-18,26.49
1999-05-19,26.52
1999-05-20,26.39
1999-05-21,26.36
1999-05-22,26.09
1999-05-25,25.97
1999-05-26,26.02
1999-05-27,25.95
1999-05-28,25.57
1999-05-29,25.52
1999-06-01,25.54
1999-06-02,25.48
1999-06-03,25.51
1999-06-04,25.24
1999-06-05,25.1
1999-06-08,25.03
1999-06-09,25.13
1999-06-10,25.4
1999-06-11,25.38
1999-06-12,25.48
1999-06-16,25.29
1999-06-17,25.25
1999-06-18,24.98
1999-06-19,25
1999-06-22,25.2
1999-06-23,25.03
1999-06-24,25.05
1999-06-25,25.01
1999-06-26,25.24
1999-06-29,25.21
1999-06-30,25.07
1999-07-01,25.02
1999-07-02,25.13
1999-07-03,24.87
1999-07-06,24.82
1999-07-07,25.03
1999-07-08,25.06
1999-07-09,24.88
1999-07-10,24.97
1999-07-13,24.87
1999-07-14,24.69
1999-07-15,24.79
1999-07-16,24.87
1999-07-17,24.81
1999-07-20,24.65
1999-07-21,24.98
1999-07-22,25.35
1999-07-23,25.48
1999-07-24,25.45
1999-07-27,25.51
1999-07-28,25.86
1999-07-29,25.81
1999-07-30,25.8
1999-07-31,25.94
1999-08-03,25.85
1999-08-04,25.82
1999-08-05,26.04
1999-08-06,26.28
1999-08-07,26.39
1999-08-10,27.1
1999-08-11,26.76
1999-08-12,26.73
1999-08-13,26.53
1999-08-14,26.6
1999-08-17,26.3
1999-08-18,26.17
1999-08-19,25.88
1999-08-20,25.8
1999-08-21,26.39
1999-08-24,26.45
1999-08-25,25.83
1999-08-26,26.03
1999-08-27,25.86
1999-08-28,25.9
1999-08-31,25.92
1999-09-01,26.05
1999-09-02,26.67
1999-09-03,27.33
1999-09-04,27.61
1999-09-07,27.33
1999-09-08,27.25
1999-09-09,27.28
1999-09-10,27.31
1999-09-11,27.06
1999-09-14,26.47
1999-09-15,26.51
1999-09-16,26.26
1999-09-17,26.49
1999-09-18,26.34
1999-09-21,26.48
1999-09-22,26.32
1999-09-23,26.58
1999-09-24,26.41
1999-09-25,26.58
1999-09-28,26.42
1999-09-29,26.37
1999-09-30,26.46
1999-10-01,26.66
1999-10-02,27.02
1999-10-05,27.32
1999-10-06,27.77
1999-10-07,27.61
1999-10-08,27.54
1999-10-09,27.58
1999-10-12,27.35
1999-10-13,27.41
1999-10-14,27.71
1999-10-15,27.71
1999-10-16,27.91
1999-10-19,28.17
1999-10-20,27.95
1999-10-21,27.86
1999-10-22,27.78
1999-10-23,27.77
1999-10-26,27.46
1999-10-27,27.42
1999-10-28,27.3
1999-10-29,27.41
1999-10-30,27.43
1999-11-02,27.46
1999-11-03,27.78
1999-11-04,27.62
1999-11-05,27.53
1999-11-06,27.18
1999-11-10,27.14
1999-11-11,27.18
1999-11-12,27.23
1999-11-13,27.38
1999-11-16,27.1
1999-11-17,27.11
1999-11-18,27.15
1999-11-19,27.49
1999-11-20,27.19
1999-11-23,27.3
1999-11-24,27.3
1999-11-25,27.11
1999-11-26,26.91
1999-11-27,26.87
1999-11-30,26.84
1999-12-01,26.72
1999-12-02,27
1999-12-03,26.85
1999-12-04,26.78
1999-12-07,26.87
1999-12-08,27.41
1999-12-09,27.58
1999-12-10,27.63
1999-12-11,27.35
1999-12-15,27.2
1999-12-16,26.95
1999-12-17,26.96
1999-12-18,27.23
1999-12-21,26.95
1999-12-22,27.01
1999-12-23,26.98
1999-12-24,26.96
1999-12-25,27.14
1999-12-28,27.33
1999-12-29,27.32
1999-12-30,27.23
2000-01-01,27.2
2000-01-06,27.92
2000-01-07,28.21
2000-01-11,28.48
2000-01-12,29.26
2000-01-13,29.85
2000-01-14,29.48
2000-01-15,29.29
2000-01-18,28.92
2000-01-19,28.84
2000-01-20,28.94
2000-01-21,28.84
2000-01-22,28.93
2000-01-25,28.51
2000-01-26,28.72
2000-01-27,28.6
2000-01-28,28.56
2000-01-29,28.23
2000-02-01,27.98
2000-02-02,27.89
2000-02-03,27.81
2000-02-04,28
2000-02-05,28.49
2000-02-08,28.2
2000-02-09,28.18
2000-02-10,28.32
2000-02-11,28.45
2000-02-12,28.35
2000-02-15,28.45
2000-02-16,28.12
2000-02-17,28.18
2000-02-18,28.39
2000-02-19,28.44
2000-02-22,28.35
2000-02-23,28.67
2000-02-24,29.01
2000-02-25,28.87
2000-02-26,28.46
2000-02-29,27.44
2000-03-01,27.75
2000-03-02,27.76
2000-03-03,27.9
2000-03-04,27.61
2000-03-07,27.37
2000-03-08,27.39
2000-03-10,27.43
2000-03-11,27.57
2000-03-14,27.51
2000-03-15,27.48
2000-03-16,27.52
2000-03-17,27.57
2000-03-18,27.58
2000-03-21,27.57
2000-03-22,27.59
2000-03-23,27.25
2000-03-24,27.26
2000-03-25,27.54
2000-03-28,27.69
2000-03-29,27.37
2000-03-30,27.08
2000-03-31,27.13
2000-04-01,27.4
2000-04-04,27.43
2000-04-05,27.5
2000-04-06,27.66
2000-04-07,27.57
2000-04-08,27.41
2000-04-11,27.36
2000-04-12,27.51
2000-04-13,27.39
2000-04-14,27.32
2000-04-15,27.17
2000-04-18,27.59
2000-04-19,27.28
2000-04-20,27.07
2000-04-21,26.9
2000-04-22,26.8
2000-04-25,26.8
2000-04-26,26.78
2000-04-27,26.15
2000-04-28,26.2
2000-04-29,25.89
2000-05-04,25.77
2000-05-05,25.31
2000-05-06,25.27
2000-05-07,25.41
2000-05-11,25.72
2000-05-12,25.61
2000-05-13,25.55
2000-05-16,25.94
2000-05-17,25.71
2000-05-18,25.49
2000-05-19,25.34
2000-05-20,25.3
2000-05-23,25.38
2000-05-24,25.59
2000-05-25,25.61
2000-05-26,25.44
2000-05-27,25.79
2000-05-30,26.31
2000-05-31,26.19
2000-06-01,26.27
2000-06-02,26.45
2000-06-03,26.37
2000-06-06,26.75
2000-06-07,26.83
2000-06-08,27.02
2000-06-09,27.11
2000-06-10,26.98
2000-06-14,27.1
2000-06-15,27.3
2000-06-16,27.1
2000-06-17,26.94
2000-06-20,27.31
2000-06-21,27.04
2000-06-22,26.82
2000-06-23,26.68
2000-06-24,26.38
2000-06-27,26.34
2000-06-28,26.38
2000-06-29,26.57
2000-06-30,26.48
2000-07-01,26.72
2000-07-04,26.72
2000-07-05,26.56
2000-07-06,26.66
2000-07-07,26.71
2000-07-08,26.58
2000-07-11,26.63
2000-07-12,26.64
2000-07-13,26.5
2000-07-14,26.22
2000-07-15,26.03
2000-07-18,26.11
2000-07-19,26.01
2000-07-20,25.67
2000-07-21,25.59
2000-07-22,25.77
2000-07-25,25.86
2000-07-26,25.83
2000-07-27,26
2000-07-28,26.15
2000-07-29,25.92
2000-08-01,25.67
2000-08-02,25.83
2000-08-03,25.49
2000-08-04,25.48
2000-08-05,25.12
2000-08-08,25.2
2000-08-09,25.16
2000-08-10,24.94
2000-08-11,25.02
2000-08-12,25.13
2000-08-15,24.99
2000-08-16,25.14
2000-08-17,25.4
2000-08-18,25.36
2000-08-19,25.38
2000-08-22,25.12
2000-08-23,25.02
2000-08-24,24.77
2000-08-25,24.99
2000-08-26,24.88
2000-08-29,25.04
2000-08-30,24.93
2000-08-31,24.74
2000-09-01,24.81
2000-09-02,24.65
2000-09-05,25
2000-09-06,24.94
2000-09-07,24.73
2000-09-08,24.19
2000-09-09,24.22
2000-09-12,24.2
2000-09-13,23.9
2000-09-14,23.95
2000-09-15,23.84
2000-09-16,23.98
2000-09-19,23.72
2000-09-20,23.67
2000-09-21,23.63
2000-09-22,23.59
2000-09-23,23.9
2000-09-26,24.56
2000-09-27,24.32
2000-09-28,24.59
2000-09-29,24.5
2000-09-30,24.42
2000-10-03,24.47
2000-10-04,24.36
2000-10-05,24.38
2000-10-06,24.35
2000-10-07,24.26
2000-10-10,24.24
2000-10-11,24.24
2000-10-12,24.32
2000-10-13,24.2
2000-10-14,24.07
2000-10-17,23.78
2000-10-18,23.61
2000-10-19,23.84
2000-10-20,23.44
2000-10-21,23.64
2000-10-24,23.47
2000-10-25,23.35
2000-10-26,23.32
2000-10-27,23.07
2000-10-28,23.12
2000-10-31,23.42
2000-11-01,23.35
2000-11-02,23.7
2000-11-03,23.95
2000-11-04,23.92
2000-11-05,24.14
2000-11-09,23.96
2000-11-10,23.64
2000-11-11,24.1
2000-11-14,24.02
2000-11-15,23.83
2000-11-16,23.77
2000-11-17,23.83
2000-11-18,23.78
2000-11-21,23.65
2000-11-22,23.71
2000-11-23,23.6
2000-11-24,23.51
2000-11-25,23.37
2000-11-28,23.43
2000-11-29,23.78
2000-11-30,23.88
2000-12-01,23.97
2000-12-02,24.41
2000-12-05,24.51
2000-12-06,24.78
2000-12-07,24.56
2000-12-08,24.97
2000-12-09,24.8
2000-12-10,24.81
2000-12-14,24.53
2000-12-15,24.53
2000-12-16,24.98
2000-12-19,25.12
2000-12-20,24.99
2000-12-21,25.11
2000-12-22,25.33
2000-12-23,25.62
2000-12-26,25.84
2000-12-27,25.96
2000-12-28,26.2
2000-12-29,26.15
2000-12-30,26.14
2001-01-04,26.79
2001-01-05,26.53
2001-01-06,27.18
2001-01-10,26.86
2001-01-11,26.77
2001-01-12,26.69
2001-01-13,27.09
2001-01-16,26.82
2001-01-17,26.62
2001-01-18,26.76
2001-01-19,26.62
2001-01-20,26.82
2001-01-23,26.5
2001-01-24,26.75
2001-01-25,26.57
2001-01-26,26.16
2001-01-27,26.18
2001-01-30,26.18
2001-01-31,26
2001-02-01,26.31
2001-02-02,26.72
2001-02-03,26.71
2001-02-06,26.69
2001-02-07,26.63
2001-02-08,26.43
2001-02-09,26.46
2001-02-10,26.28
2001-02-13,26.62
2001-02-14,26.66
2001-02-15,26.36
2001-02-16,26.35
2001-02-17,26
2001-02-20,26.2
2001-02-21,26.43
2001-02-22,25.99
2001-02-23,26.02
2001-02-24,25.96
2001-02-27,26.39
2001-02-28,26.22
2001-03-01,26.29
2001-03-02,26.42
2001-03-03,26.63
2001-03-06,26.75
2001-03-07,26.6
2001-03-08,26.8
2001-03-12,26.72
2001-03-13,26.75
2001-03-14,26.51
2001-03-15,26.18
2001-03-16,26.06
2001-03-17,25.71
2001-03-20,25.63
2001-03-21,25.88
2001-03-22,26.03
2001-03-23,25.67
2001-03-24,25.62
2001-03-27,25.65
2001-03-28,25.71
2001-03-29,25.71
2001-03-30,25.5
2001-03-31,25.29
2001-04-03,25.23
2001-04-04,25.47
2001-04-05,25.86
2001-04-06,26.14
2001-04-07,25.9
2001-04-10,26.02
2001-04-11,25.85
2001-04-12,25.68
2001-04-13,25.64
2001-04-14,25.71
2001-04-17,25.64
2001-04-18,25.67
2001-04-19,25.44
2001-04-20,25.62
2001-04-21,25.86
2001-04-24,26.12
2001-04-25,25.9
2001-04-26,25.82
2001-04-27,25.88
2001-04-28,26.02
2001-04-29,25.67
2001-05-04,25.9
2001-05-05,25.8
2001-05-08,25.84
2001-05-09,25.75
2001-05-11,25.66
2001-05-12,25.5
2001-05-15,25.33
2001-05-16,25.4
2001-05-17,25.42
2001-05-18,25.71
2001-05-19,25.65
2001-05-22,25.65
2001-05-23,25.43
2001-05-24,25.15
2001-05-25,24.9
2001-05-26,25.01
2001-05-29,24.98
2001-05-30,24.93
2001-05-31,24.87
2001-06-01,24.82
2001-06-02,24.72
2001-06-05,24.83
2001-06-06,24.63
2001-06-07,24.86
2001-06-08,24.7
2001-06-09,24.71
2001-06-10,24.78
2001-06-14,24.85
2001-06-15,24.86
2001-06-16,25.07
2001-06-19,25.08
2001-06-20,25
2001-06-21,24.86
2001-06-22,24.87
2001-06-23,24.85
2001-06-26,25.01
2001-06-27,25.04
2001-06-28,25.14
2001-06-29,25.03
2001-06-30,24.57
2001-07-03,24.7
2001-07-04,24.74
2001-07-05,24.72
2001-07-06,24.62
2001-07-07,24.39
2001-07-10,24.79
2001-07-11,24.88
2001-07-12,24.96
2001-07-13,25.02
2001-07-14,24.89
2001-07-17,25.01
2001-07-18,24.87
2001-07-19,25.13
2001-07-20,25.53
2001-07-21,25.55
2001-07-24,25.48
2001-07-25,25.46
2001-07-26,25.54
2001-07-27,25.75
2001-07-28,25.7
2001-07-31,25.6
2001-08-01,25.68
2001-08-02,25.81
2001-08-03,25.88
2001-08-04,25.88
2001-08-07,25.83
2001-08-08,25.78
2001-08-09,25.71
2001-08-10,25.95
2001-08-11,26.16
2001-08-14,26.21
2001-08-15,26.33
2001-08-16,26.51
2001-08-17,26.88
2001-08-18,26.76
2001-08-21,26.99
2001-08-22,26.77
2001-08-23,26.9
2001-08-24,26.84
2001-08-25,26.9
2001-08-28,26.73
2001-08-29,26.53
2001-08-30,26.8
2001-08-31,26.67
2001-09-01,27.01
2001-09-04,26.72
2001-09-05,26.51
2001-09-06,26.12
2001-09-07,26.14
2001-09-08,26.34
2001-09-11,26.62
2001-09-12,26.44
2001-09-13,26.94
2001-09-14,26.72
2001-09-15,26.78
2001-09-18,27.29
2001-09-19,27.14
2001-09-20,27.24
2001-09-21,27.3
2001-09-22,27.1
2001-09-25,26.89
2001-09-26,26.93
2001-09-27,27.13
2001-09-28,27.02
2001-09-29,26.86
2001-10-02,26.77
2001-10-03,26.99
2001-10-04,27.16
2001-10-05,27.02
2001-10-06,27.12
2001-10-09,27.09
2001-10-10,27.19
2001-10-11,26.95
2001-10-12,26.93
2001-10-13,26.61
2001-10-16,26.93
2001-10-17,26.74
2001-10-18,26.8
2001-10-19,26.68
2001-10-20,26.67
2001-10-23,26.57
2001-10-24,26.35
2001-10-25,26.35
2001-10-26,26.4
2001-10-27,26.51
2001-10-30,26.54
2001-10-31,26.87
2001-11-01,26.89
2001-11-02,26.77
2001-11-03,26.89
2001-11-06,26.71
2001-11-07,26.62
2001-11-09,26.63
2001-11-10,26.43
2001-11-13,26.55
2001-11-14,26.47
2001-11-15,26.21
2001-11-16,26.24
2001-11-17,26.28
2001-11-20,26.26
2001-11-21,26.39
2001-11-22,26.34
2001-11-23,26.21
2001-11-24,26.34
2001-11-27,26.34
2001-11-28,26.42
2001-11-29,26.52
2001-11-30,26.52
2001-12-01,26.52
2001-12-04,26.77
2001-12-05,26.61
2001-12-06,26.72
2001-12-07,26.57
2001-12-08,26.75
2001-12-11,26.79
2001-12-12,26.83
2001-12-14,27.09
2001-12-15,27.04
2001-12-18,27.32
2001-12-19,27.32
2001-12-20,27.32
2001-12-21,27.19
2001-12-22,27
2001-12-25,26.79
2001-12-26,26.49
2001-12-27,26.58
2001-12-28,26.49
2002-01-01,26.6172
2002-01-04,27.229
2002-01-05,27.0933
2002-01-09,26.8884
2002-01-10,27.2946
2002-01-11,27.1907
2002-01-12,27.1372
2002-01-15,27.2245
2002-01-16,27.2204
2002-01-17,26.9149
2002-01-18,26.9928
2002-01-19,26.9552
2002-01-22,27.0561
2002-01-23,26.9759
2002-01-24,27.1125
2002-01-25,26.8368
2002-01-26,26.8348
2002-01-29,26.5106
2002-01-30,26.4146
2002-01-31,26.5456
2002-02-01,26.4306
2002-02-02,26.2981
2002-02-05,26.4738
2002-02-06,26.7642
2002-02-07,26.6168
2002-02-08,26.6404
2002-02-09,26.8235
2002-02-12,26.8718
2002-02-13,27.0393
2002-02-14,26.9945
2002-02-15,26.8667
2002-02-16,26.8879
2002-02-19,26.9156
2002-02-20,26.86
2002-02-21,27.1007
2002-02-22,26.8372
2002-02-23,26.8007
2002-02-27,26.8971
2002-02-28,26.712
2002-03-01,26.7634
2002-03-02,26.8343
2002-03-05,26.823
2002-03-06,26.9466
2002-03-07,27.0025
2002-03-08,27.1978
2002-03-12,27.1834
2002-03-13,27.1975
2002-03-14,27.1727
2002-03-15,27.2326
2002-03-16,27.4543
2002-03-19,27.3598
2002-03-20,27.4458
2002-03-21,27.3966
2002-03-22,27.5697
2002-03-23,27.445
2002-03-26,27.3101
2002-03-27,27.3181
2002-03-28,27.2658
2002-03-29,27.1477
2002-03-30,27.1515
2002-04-02,27.2493
2002-04-03,27.4076
2002-04-04,27.4096
2002-04-05,27.4793
2002-04-06,27.384
2002-04-09,27.3998
2002-04-10,27.2408
2002-04-11,27.462
2002-04-12,27.4575
2002-04-13,27.4482
2002-04-16,27.4607
2002-04-17,27.4461
2002-04-18,27.5256
2002-04-19,27.7555
2002-04-20,27.7828
2002-04-23,27.7093
2002-04-24,27.6486
2002-04-25,27.6838
2002-04-26,27.8609
2002-04-27,28.0343
2002-04-28,28.1278
2002-04-30,28.1453
2002-05-01,28.1785
2002-05-07,28.5699
2002-05-08,28.5778
2002-05-09,28.5089
2002-05-14,28.613
2002-05-15,28.3551
2002-05-16,28.1846
2002-05-17,28.4674
2002-05-18,28.5486
2002-05-19,28.7768
2002-05-21,28.7797
2002-05-22,28.7921
2002-05-23,28.8203
2002-05-24,28.9356
2002-05-25,28.7978
2002-05-28,28.8072
2002-05-29,28.8407
2002-05-30,29.0874
2002-05-31,29.3254
2002-06-01,29.3711
2002-06-04,29.2125
2002-06-05,29.4946
2002-06-06,29.4961
2002-06-07,29.3331
2002-06-08,29.6953
2002-06-11,29.5643
2002-06-12,29.6348
2002-06-14,29.6471
2002-06-15,29.6603
2002-06-18,29.6889
2002-06-19,29.7404
2002-06-20,30.0129
2002-06-21,30.1292
2002-06-22,30.368
2002-06-25,30.5913
2002-06-26,30.5661
2002-06-27,31.077
2002-06-28,30.9423
2002-06-29,31.0792
2002-07-02,31.3238
2002-07-03,31.0334
2002-07-04,30.9267
2002-07-05,30.788
2002-07-06,30.7025
2002-07-09,31.0917
2002-07-10,31.1715
2002-07-11,31.3646
2002-07-12,31.2062
2002-07-13,31.139
2002-07-16,31.331
2002-07-17,31.6605
2002-07-18,31.9401
2002-07-19,31.757
2002-07-20,32.0598
2002-07-23,31.8837
2002-07-24,31.4763
2002-07-25,31.2389
2002-07-26,31.5901
2002-07-27,31.5258
2002-07-30,31.083
2002-07-31,30.8019
2002-08-01,30.8717
2002-08-02,30.7988
2002-08-03,31.1022
2002-08-06,31.0394
2002-08-07,30.8292
2002-08-08,30.5476
2002-08-09,30.7912
2002-08-10,30.6353
2002-08-13,30.7375
2002-08-14,30.8479
2002-08-15,31.1336
2002-08-16,30.8665
2002-08-17,30.9639
2002-08-20,31.088
2002-08-21,30.8611
2002-08-22,31.0557
2002-08-23,30.8765
2002-08-24,30.5748
2002-08-27,30.655
2002-08-28,30.7906
2002-08-29,30.95
2002-08-30,31.0124
2002-08-31,31.0938
2002-09-03,30.9896
2002-09-04,31.1786
2002-09-05,31.5074
2002-09-06,31.4469
2002-09-07,31.4226
2002-09-10,30.9943
2002-09-11,30.8632
2002-09-12,30.872
2002-09-13,30.8517
2002-09-14,31.0751
2002-09-17,30.6998
2002-09-18,30.5555
2002-09-19,30.6795
2002-09-20,30.94
2002-09-21,31.1254
2002-09-24,31.0473
2002-09-25,30.9236
2002-09-26,31.0655
2002-09-27,30.9643
2002-09-28,30.9082
2002-10-01,31.1409
2002-10-02,31.3179
2002-10-03,31.1467
2002-10-04,31.2912
2002-10-05,31.2428
2002-10-08,31.0174
2002-10-09,31.1097
2002-10-10,31.0562
2002-10-11,31.3265
2002-10-12,31.2649
2002-10-15,31.3029
2002-10-16,31.2834
2002-10-17,31.1319
2002-10-18,31.0077
2002-10-19,30.7447
2002-10-22,30.851
2002-10-23,30.8928
2002-10-24,31.015
2002-10-25,30.915
2002-10-26,31.0333
2002-10-29,30.9063
2002-10-30,31.1937
2002-10-31,31.179
2002-11-01,31.3666
2002-11-02,31.466
2002-11-05,31.6632
2002-11-06,31.7337
2002-11-07,31.6135
2002-11-11,32.2268
2002-11-12,32.1855
2002-11-13,32.0899
2002-11-14,32.1179
2002-11-15,31.9921
2002-11-16,31.9339
2002-11-19,32.1318
2002-11-20,32.1343
2002-11-21,31.9089
2002-11-22,31.8821
2002-11-23,31.9113
2002-11-26,31.6919
2002-11-27,31.6058
2002-11-28,31.6108
2002-11-29,31.5216
2002-11-30,31.6736
2002-12-03,31.6476
2002-12-04,31.7596
2002-12-05,31.8564
2002-12-06,31.8578
2002-12-07,31.9333
2002-12-10,32.2038
2002-12-11,32.2725
2002-12-12,32.1467
2002-12-16,32.6246
2002-12-17,32.6172
2002-12-18,32.754
2002-12-19,32.6666
2002-12-20,32.692
2002-12-21,32.6889
2002-12-24,32.7092
2002-12-25,32.6821
2002-12-26,32.8029
2002-12-27,32.8624
2002-12-28,32.9731
2002-12-31,33.1098
2003-01-01,33.2719
2003-01-05,33.1543
2003-01-06,33.1829
2003-01-09,33.2556
2003-01-10,33.5367
2003-01-11,33.4339
2003-01-14,33.6139
2003-01-15,33.6146
2003-01-16,33.5191
2003-01-17,33.636
2003-01-18,33.789
2003-01-21,33.8718
2003-01-22,33.8546
2003-01-23,34.1157
2003-01-24,34.1205
2003-01-25,34.3106
2003-01-28,34.4427
2003-01-29,34.3695
2003-01-30,34.5984
2003-01-31,34.4443
2003-02-01,34.429
2003-02-04,34.2406
2003-02-05,34.4236
2003-02-06,34.783
2003-02-07,34.3149
2003-02-08,34.3756
2003-02-11,34.418
2003-02-12,34.0947
2003-02-13,34.044
2003-02-14,34.1309
2003-02-15,34.2984
2003-02-18,33.9187
2003-02-19,33.9166
2003-02-20,33.8643
2003-02-21,33.9668
2003-02-22,34.1403
2003-02-26,34.1429
2003-02-27,34.0118
2003-02-28,34.0549
2003-03-01,33.9409
2003-03-04,34.079
2003-03-05,34.4769
2003-03-06,34.6785
2003-03-07,34.6343
2003-03-08,34.7938
2003-03-12,34.7025
2003-03-13,34.6885
2003-03-14,34.2156
2003-03-15,33.9239
2003-03-18,33.9923
2003-03-19,33.4209
2003-03-20,33.36
2003-03-21,33.3235
2003-03-22,33.2765
2003-03-25,33.3165
2003-03-26,33.608
2003-03-27,33.4008
2003-03-28,33.6205
2003-03-29,33.5865
2003-04-01,33.9815
2003-04-02,34.1079
2003-04-03,33.9954
2003-04-04,33.7064
2003-04-05,33.5685
2003-04-08,33.1941
2003-04-09,33.4586
2003-04-10,33.6376
2003-04-11,33.7511
2003-04-12,33.7251
2003-04-15,33.6083
2003-04-16,33.5625
2003-04-17,33.7294
2003-04-18,34.1174
2003-04-19,33.9658
2003-04-22,33.8392
2003-04-23,33.8582
2003-04-24,34.1326
2003-04-25,34.2629
2003-04-26,34.3033
2003-04-29,34.4246
2003-04-30,34.1447
2003-05-01,34.5513
2003-05-06,34.878
2003-05-07,35.1389
2003-05-08,35.4892
2003-05-09,35.252
2003-05-13,35.851
2003-05-14,35.686
2003-05-15,35.588
2003-05-16,35.4349
2003-05-17,35.2025
2003-05-20,36.1567
2003-05-21,36.0425
2003-05-22,36.194
2003-05-23,35.9157
2003-05-24,36.0051
2003-05-27,36.3049
2003-05-28,36.3663
2003-05-29,36.2218
2003-05-30,36.0178
2003-05-31,36.4669
2003-06-03,35.9101
2003-06-04,36.138
2003-06-05,36.0537
2003-06-06,35.7323
2003-06-07,36.2449
2003-06-10,35.5971
2003-06-11,35.8548
2003-06-12,35.7726
2003-06-17,36.1788
2003-06-18,36.0313
2003-06-19,35.8119
2003-06-20,35.3631
2003-06-21,35.6001
2003-06-22,35.2112
2003-06-24,35.1719
2003-06-25,35.0616
2003-06-26,34.9142
2003-06-27,34.93
2003-06-28,34.7124
2003-07-01,34.7223
2003-07-02,34.9303
2003-07-03,34.9976
2003-07-04,34.9038
2003-07-05,34.7342
2003-07-08,34.6951
2003-07-09,34.4253
2003-07-10,34.4786
2003-07-11,34.4877
2003-07-12,34.4154
2003-07-15,34.3715
2003-07-16,34.4892
2003-07-17,34.0484
2003-07-18,34.2301
2003-07-19,34.2051
2003-07-22,34.2544
2003-07-23,34.3151
2003-07-24,34.4589
2003-07-25,34.8544
2003-07-26,34.746
2003-07-29,34.6688
2003-07-30,34.818
2003-07-31,34.6291
2003-08-01,34.3395
2003-08-02,34.0122
2003-08-05,34.1993
2003-08-06,34.4208
2003-08-07,34.582
2003-08-08,34.3706
2003-08-09,34.547
2003-08-12,34.2858
2003-08-13,34.5016
2003-08-14,34.2054
2003-08-15,34.3321
2003-08-16,34.1534
2003-08-19,34.0606
2003-08-20,33.7253
2003-08-21,33.6967
2003-08-22,33.5426
2003-08-23,33.05
2003-08-26,32.9679
2003-08-27,32.9538
2003-08-28,33.0387
2003-08-29,33.0903
2003-08-30,33.2001
2003-09-02,33.634
2003-09-03,33.3382
2003-09-04,33.037
2003-09-05,33.2195
2003-09-06,33.6056
2003-09-09,34.0078
2003-09-10,34.0449
2003-09-11,34.3983
2003-09-12,34.4732
2003-09-13,34.2921
2003-09-16,34.569
2003-09-17,34.6304
2003-09-18,34.2389
2003-09-19,34.5427
2003-09-20,34.4044
2003-09-23,34.8694
2003-09-24,35.026
2003-09-25,34.8299
2003-09-26,35.0582
2003-09-27,34.9985
2003-09-30,35.0751
2003-10-01,35.6043
2003-10-02,35.7141
2003-10-03,35.7629
2003-10-04,35.6005
2003-10-07,35.1543
2003-10-08,35.5985
2003-10-09,35.8665
2003-10-10,35.8617
2003-10-11,35.4233
2003-10-14,35.2427
2003-10-15,35.0754
2003-10-16,35.3319
2003-10-17,35.0389
2003-10-18,34.8288
2003-10-21,34.9558
2003-10-22,34.8288
2003-10-23,34.9981
2003-10-24,35.3805
2003-10-25,35.3184
2003-10-28,35.3435
2003-10-29,35.094
2003-10-30,34.9269
2003-10-31,34.8657
2003-11-01,34.7992
2003-11-04,34.6813
2003-11-05,34.2115
2003-11-06,34.2574
2003-11-07,34.1369
2003-11-11,34.3814
2003-11-12,34.1792
2003-11-13,34.4877
2003-11-14,34.8455
2003-11-15,35.1203
2003-11-18,35.1339
2003-11-19,35.0453
2003-11-20,35.65
2003-11-21,35.4809
2003-11-22,35.4476
2003-11-25,35.4032
2003-11-26,35.0617
2003-11-27,35.1836
2003-11-28,35.4731
2003-11-29,35.5021
2003-12-02,35.6624
2003-12-03,35.5741
2003-12-04,35.9013
2003-12-05,35.869
2003-12-06,35.8194
2003-12-09,35.9537
2003-12-10,36.1609
2003-12-11,35.9885
2003-12-12,35.866
2003-12-16,35.9039
2003-12-17,36.1582
2003-12-18,36.0182
2003-12-19,36.2965
2003-12-20,36.3369
2003-12-23,36.2942
2003-12-24,36.2813
2003-12-25,36.3047
2003-12-26,36.4305
2003-12-27,36.473
2003-12-30,36.6915
2003-12-31,36.824
2004-01-01,37.0979
2004-01-06,37.3483
2004-01-07,37.1587
2004-01-09,36.7305
2004-01-10,36.9269
2004-01-13,37.16
2004-01-14,36.8474
2004-01-15,36.7648
2004-01-16,36.5846
2004-01-17,36.29
2004-01-20,35.7648
2004-01-21,35.7024
2004-01-22,36.2884
2004-01-23,36.3462
2004-01-24,36.3716
2004-01-27,35.7429
2004-01-28,35.5198
2004-01-29,35.9253
2004-01-30,35.606
2004-01-31,35.3635
2004-02-03,35.5281
2004-02-04,35.8186
2004-02-05,35.7914
2004-02-06,35.7329
2004-02-07,35.8894
2004-02-10,36.3012
2004-02-11,36.4206
2004-02-12,36.1576
2004-02-13,36.5857
2004-02-14,36.5601
2004-02-17,36.3054
2004-02-18,36.5584
2004-02-19,36.7315
2004-02-20,36.1812
2004-02-21,36.1439
2004-02-25,35.7417
2004-02-26,36.1745
2004-02-27,35.6273
2004-02-28,35.5076
2004-03-02,35.7593
2004-03-03,35.4083
2004-03-04,34.8935
2004-03-05,34.9517
2004-03-06,34.9482
2004-03-10,35.4923
2004-03-11,35.0623
2004-03-12,34.9014
2004-03-13,35.0053
2004-03-16,34.9374
2004-03-17,35.1127
2004-03-18,35.0141
2004-03-19,35.0585
2004-03-20,35.3342
2004-03-23,34.9701
2004-03-24,35.2309
2004-03-25,35.071
2004-03-26,34.5338
2004-03-27,34.4519
2004-03-30,34.437
2004-03-31,34.8005
2004-04-01,34.9082
2004-04-02,34.9639
2004-04-03,35.1921
2004-04-06,34.5002
2004-04-07,34.2977
2004-04-08,34.4038
2004-04-09,34.7881
2004-04-10,34.4815
2004-04-13,34.4412
2004-04-14,34.4071
2004-04-15,34.1175
2004-04-16,34.2066
2004-04-17,34.3181
2004-04-20,34.5178
2004-04-21,34.3325
2004-04-22,34.2486
2004-04-23,34.2746
2004-04-24,34.523
2004-04-27,34.2007
2004-04-28,34.2254
2004-04-29,34.3275
2004-04-30,34.1431
2004-05-01,34.6289
2004-05-06,35.0268
2004-05-07,35.1182
2004-05-08,34.9057
2004-05-12,34.4356
2004-05-13,34.4636
2004-05-14,34.503
2004-05-15,34.385
2004-05-18,34.7855
2004-05-19,34.7516
2004-05-20,34.8286
2004-05-21,34.5624
2004-05-22,34.7981
2004-05-25,34.6392
2004-05-26,34.8991
2004-05-27,35.0968
2004-05-28,35.2689
2004-05-29,35.6052
2004-06-01,35.3907
2004-06-02,35.5054
2004-06-03,35.6951
2004-06-04,35.5139
2004-06-05,35.4719
2004-06-08,35.7851
2004-06-09,35.813
2004-06-10,35.5518
2004-06-11,35.0193
2004-06-12,34.8954
2004-06-16,35.0184
2004-06-17,35.3056
2004-06-18,34.9335
2004-06-19,34.7931
2004-06-22,35.1684
2004-06-23,35.0888
2004-06-24,35.3719
2004-06-25,35.0264
2004-06-26,35.2951
2004-06-29,35.3283
2004-06-30,35.2915
2004-07-01,35.0889
2004-07-02,35.3344
2004-07-03,35.3341
2004-07-06,35.7312
2004-07-07,35.7717
2004-07-08,35.9084
2004-07-09,35.9525
2004-07-10,36.1139
2004-07-13,36.1339
2004-07-14,35.9953
2004-07-15,35.8878
2004-07-16,35.945
2004-07-17,35.965
2004-07-20,36.1936
2004-07-21,36.2065
2004-07-22,35.8396
2004-07-23,35.6632
2004-07-24,35.5627
2004-07-27,35.2401
2004-07-28,35.2837
2004-07-29,35.1198
2004-07-30,35.1542
2004-07-31,35.0532
2004-08-03,35.1609
2004-08-04,35.0574
2004-08-05,35.0846
2004-08-06,35.1951
2004-08-07,35.2507
2004-08-10,35.9296
2004-08-11,35.919
2004-08-12,35.8014
2004-08-13,35.8338
2004-08-14,35.721
2004-08-17,36.1224
2004-08-18,36.11
2004-08-19,36.1246
2004-08-20,36.0788
2004-08-21,36.1421
2004-08-24,35.9583
2004-08-25,35.512
2004-08-26,35.3154
2004-08-27,35.2688
2004-08-28,35.4634
2004-08-31,35.1463
2004-09-01,35.3713
2004-09-02,35.627
2004-09-03,35.5931
2004-09-04,35.5708
2004-09-07,35.2343
2004-09-08,35.3196
2004-09-09,35.2703
2004-09-10,35.6217
2004-09-11,35.7436
2004-09-14,35.8469
2004-09-15,35.8775
2004-09-16,35.7622
2004-09-17,35.5153
2004-09-18,35.6443
2004-09-21,35.5347
2004-09-22,35.5769
2004-09-23,35.9693
2004-09-24,35.8317
2004-09-25,35.8674
2004-09-28,35.869
2004-09-29,35.9052
2004-09-30,35.9896
2004-10-01,36.0312
2004-10-02,36.3203
2004-10-05,36.1401
2004-10-06,35.8926
2004-10-07,35.998
2004-10-08,35.9411
2004-10-09,36.0597
2004-10-12,35.9197
2004-10-13,35.9573
2004-10-14,35.867
2004-10-15,35.975
2004-10-16,36.0998
2004-10-19,36.3552
2004-10-20,36.3153
2004-10-21,36.4491
2004-10-22,36.665
2004-10-23,36.6546
2004-10-26,36.8635
2004-10-27,36.8383
2004-10-28,36.6986
2004-10-29,36.629
2004-10-30,36.6472
2004-11-02,36.7819
2004-11-03,36.614
2004-11-04,36.6009
2004-11-05,36.8969
2004-11-06,36.9359
2004-11-10,37.0676
2004-11-11,36.9838
2004-11-12,36.98
2004-11-13,37.0353
2004-11-16,37.2189
2004-11-17,37.1455
2004-11-18,37.2091
2004-11-19,37.2544
2004-11-20,37.0349
2004-11-23,37.1769
2004-11-24,37.121
2004-11-25,37.2229
2004-11-26,37.3293
2004-11-27,37.5597
2004-11-30,37.4165
2004-12-01,37.3264
2004-12-02,37.3062
2004-12-03,37.4238
2004-12-04,37.0537
2004-12-07,37.3755
2004-12-08,37.4795
2004-12-09,37.3663
2004-12-10,37.3238
2004-12-11,37.2788
2004-12-15,37.2424
2004-12-16,37.2072
2004-12-17,37.3714
2004-12-18,36.9577
2004-12-21,37.188
2004-12-22,37.3541
2004-12-23,37.2039
2004-12-24,37.3979
2004-12-25,37.5973
2004-12-28,37.633
2004-12-29,37.8323
2004-12-30,37.8409
2004-12-31,37.8104
2005-01-01,37.8409
2005-01-12,36.7299
2005-01-13,36.5953
2005-01-14,36.9414
2005-01-15,36.6971
2005-01-18,36.6924
2005-01-19,36.6705
2005-01-20,36.6495
2005-01-21,36.6213
2005-01-22,36.4744
2005-01-25,36.6165
2005-01-26,36.478
2005-01-27,36.4901
2005-01-28,36.6665
2005-01-29,36.625
2005-02-01,36.5899
2005-02-02,36.4643
2005-02-03,36.5606
2005-02-04,36.4667
2005-02-05,36.2831
2005-02-08,36.1305
2005-02-09,35.9781
2005-02-10,35.9737
2005-02-11,36.0025
2005-02-12,36.1302
2005-02-15,36.2856
2005-02-16,36.3428
2005-02-17,36.4749
2005-02-18,36.5453
2005-02-19,36.5066
2005-02-22,36.4907
2005-02-23,36.6648
2005-02-25,36.7205
2005-02-26,36.6281
2005-03-01,36.72
2005-03-02,36.5511
2005-03-03,36.4713
2005-03-04,36.4078
2005-03-05,36.3771
2005-03-06,36.6487
2005-03-10,36.7848
2005-03-11,36.903
2005-03-12,36.8772
2005-03-15,36.8769
2005-03-16,36.7269
2005-03-17,36.6648
2005-03-18,36.8198
2005-03-19,36.7004
2005-03-22,36.452
2005-03-23,36.3291
2005-03-24,36.1451
2005-03-25,36.0255
2005-03-26,35.8888
2005-03-29,35.9126
2005-03-30,35.9942
2005-03-31,36.0564
2005-04-01,36.0274
2005-04-02,36.1532
2005-04-05,35.948
2005-04-06,35.8155
2005-04-07,35.8988
2005-04-08,35.9202
2005-04-09,35.7435
2005-04-12,35.9367
2005-04-13,36.064
2005-04-14,35.9417
2005-04-15,35.8216
2005-04-16,35.7215
2005-04-19,35.9296
2005-04-20,36.1416
2005-04-21,36.216
2005-04-22,36.2801
2005-04-23,36.1882
2005-04-26,36.1618
2005-04-27,36.089
2005-04-28,35.9275
2005-04-29,35.9237
2005-04-30,36.0072
2005-05-04,35.7642
2005-05-05,35.982
2005-05-06,36.0087
2005-05-07,35.954
2005-05-12,35.8298
2005-05-13,35.6121
2005-05-14,35.4045
2005-05-17,35.2885
2005-05-18,35.3578
2005-05-19,35.3457
2005-05-20,35.4459
2005-05-21,35.3397
2005-05-24,35.2233
2005-05-25,35.2848
2005-05-26,35.2786
2005-05-27,35.2229
2005-05-28,35.1859
2005-05-31,35.1963
2005-06-01,34.9134
2005-06-02,34.8741
2005-06-03,34.7197
2005-06-04,34.8004
2005-06-07,34.8483
2005-06-08,34.9199
2005-06-09,34.9429
2005-06-10,34.7606
2005-06-11,34.7925
2005-06-15,34.6503
2005-06-16,34.4744
2005-06-17,34.5488
2005-06-18,34.6153
2005-06-21,34.8154
2005-06-22,34.6593
2005-06-23,34.7773
2005-06-24,34.6694
2005-06-25,34.5148
2005-06-28,34.7107
2005-06-29,34.6981
2005-06-30,34.5241
2005-07-01,34.6258
2005-07-02,34.5415
2005-07-05,34.3561
2005-07-06,34.277
2005-07-07,34.392
2005-07-08,34.3839
2005-07-09,34.3655
2005-07-12,34.4987
2005-07-13,34.7844
2005-07-14,34.8641
2005-07-15,34.6165
2005-07-16,34.7101
2005-07-19,34.5992
2005-07-20,34.4674
2005-07-21,34.5899
2005-07-22,34.7562
2005-07-23,34.8037
2005-07-26,34.5483
2005-07-27,34.5557
2005-07-28,34.4621
2005-07-29,34.5844
2005-07-30,34.716
2005-08-02,34.8173
2005-08-03,34.8879
2005-08-04,34.8769
2005-08-05,35.1168
2005-08-06,35.1576
2005-08-09,35.0695
2005-08-10,35.1872
2005-08-11,35.1563
2005-08-12,35.1925
2005-08-13,35.3081
2005-08-16,35.1704
2005-08-17,35.1052
2005-08-18,35.0132
2005-08-19,34.9673
2005-08-20,34.7722
2005-08-23,34.8168
2005-08-24,34.9074
2005-08-25,34.7929
2005-08-26,35.028
2005-08-27,35.051
2005-08-30,35.0654
2005-08-31,34.8763
2005-09-01,34.879
2005-09-02,35.1128
2005-09-03,35.3966
2005-09-06,35.3994
2005-09-07,35.2212
2005-09-08,35.2773
2005-09-09,35.1451
2005-09-10,35.1253
2005-09-13,34.9665
2005-09-14,34.8774
2005-09-15,34.7805
2005-09-16,34.648
2005-09-17,34.7782
2005-09-20,34.4913
2005-09-21,34.5565
2005-09-22,34.6222
2005-09-23,34.6449
2005-09-24,34.5022
2005-09-27,34.3412
2005-09-28,34.2985
2005-09-29,34.3381
2005-09-30,34.3811
2005-10-01,34.3074
2005-10-04,34.2185
2005-10-05,34.1339
2005-10-06,34.1843
2005-10-07,34.396
2005-10-08,34.6245
2005-10-11,34.5379
2005-10-12,34.3331
2005-10-13,34.2412
2005-10-14,34.2959
2005-10-15,34.3576
2005-10-18,34.4746
2005-10-19,34.3082
2005-10-20,34.1248
2005-10-21,34.2948
2005-10-22,34.4085
2005-10-25,34.2009
2005-10-26,34.1874
2005-10-27,34.4634
2005-10-28,34.4685
2005-10-29,34.53
2005-11-01,34.3946
2005-11-02,34.2743
2005-11-03,34.3795
2005-11-04,34.4338
2005-11-08,33.9417
2005-11-09,33.8194
2005-11-10,33.9306
2005-11-11,33.9077
2005-11-12,33.8
2005-11-15,33.8636
2005-11-16,33.7577
2005-11-17,33.7895
2005-11-18,33.681
2005-11-19,33.773
2005-11-22,33.8992
2005-11-23,33.8037
2005-11-24,33.9952
2005-11-25,33.9431
2005-11-26,33.8479
2005-11-29,33.7546
2005-11-30,33.989
2005-12-01,33.9393
2005-12-02,33.9395
2005-12-03,33.932
2005-12-06,33.9158
2005-12-07,34.0616
2005-12-08,33.9997
2005-12-09,34.0166
2005-12-10,34.1006
2005-12-13,34.1639
2005-12-14,34.3327
2005-12-15,34.4276
2005-12-16,34.427
2005-12-17,34.3512
2005-12-20,34.4138
2005-12-21,34.3491
2005-12-22,34.1962
2005-12-23,34.1148
2005-12-24,34.1733
2005-12-27,34.1379
2005-12-28,34.1288
2005-12-29,34.2379
2005-12-30,34.1737
2005-12-31,34.185
2006-01-11,34.3352
2006-01-12,34.3538
2006-01-13,34.4763
2006-01-14,34.3539
2006-01-17,34.3684
2006-01-18,34.294
2006-01-19,34.2769
2006-01-20,34.201
2006-01-21,34.1613
2006-01-24,34.3459
2006-01-25,34.3939
2006-01-26,34.3321
2006-01-27,34.2742
2006-01-28,34.1949
2006-01-31,34.0373
2006-02-01,34.0492
2006-02-02,34.1354
2006-02-03,33.9944
2006-02-04,34.0389
2006-02-07,33.9016
2006-02-08,33.8549
2006-02-09,33.8436
2006-02-10,33.8487
2006-02-11,33.8244
2006-02-14,33.6217
2006-02-15,33.5733
2006-02-16,33.5939
2006-02-17,33.5396
2006-02-18,33.526
2006-02-21,33.6531
2006-02-22,33.5837
2006-02-23,33.5741
2006-02-27,33.4397
2006-02-28,33.3305
2006-03-01,33.3291
2006-03-02,33.4472
2006-03-03,33.4373
2006-03-04,33.5753
2006-03-07,33.6552
2006-03-08,33.4786
2006-03-10,33.432
2006-03-11,33.3946
2006-03-14,33.4862
2006-03-15,33.5215
2006-03-16,33.4814
2006-03-17,33.5224
2006-03-18,33.6811
2006-03-21,33.6834
2006-03-22,33.6172
2006-03-23,33.5356
2006-03-24,33.5021
2006-03-25,33.3356
2006-03-28,33.4415
2006-03-29,33.3984
2006-03-30,33.393
2006-03-31,33.4734
2006-04-01,33.6273
2006-04-04,33.4618
2006-04-05,33.6127
2006-04-06,33.8191
2006-04-07,33.8466
2006-04-08,33.6814
2006-04-11,33.5356
2006-04-12,33.5782
2006-04-13,33.6072
2006-04-14,33.5595
2006-04-15,33.5449
2006-04-18,33.6577
2006-04-19,33.7702
2006-04-20,33.9303
2006-04-21,33.8993
2006-04-22,33.8136
2006-04-25,33.9485
2006-04-26,33.9596
2006-04-27,34.0073
2006-04-28,34.0631
2006-04-29,34.1906
2006-05-03,34.2546
2006-05-04,34.367
2006-05-05,34.2882
2006-05-06,34.4091
2006-05-07,34.4703
2006-05-11,34.5438
2006-05-12,34.4779
2006-05-13,34.6892
2006-05-16,34.7359
2006-05-17,34.6165
2006-05-18,34.7016
2006-05-19,34.5095
2006-05-20,34.5988
2006-05-23,34.4532
2006-05-24,34.6764
2006-05-25,34.5815
2006-05-26,34.5385
2006-05-27,34.5479
2006-05-30,34.4973
2006-05-31,34.6367
2006-06-01,34.7064
2006-06-02,34.5368
2006-06-03,34.4366
2006-06-06,34.58
2006-06-07,34.5392
2006-06-08,34.3704
2006-06-09,34.3366
2006-06-10,34.1407
2006-06-14,34.0576
2006-06-15,34.0705
2006-06-16,34.1206
2006-06-17,34.1465
2006-06-20,34.0623
2006-06-21,34.0307
2006-06-22,34.0919
2006-06-23,34.1596
2006-06-24,34.0251
2006-06-27,33.9508
2006-06-28,34.0486
2006-06-29,34.0077
2006-06-30,33.9759
2006-07-01,34.2383
2006-07-04,34.3578
2006-07-05,34.3978
2006-07-06,34.3648
2006-07-07,34.2821
2006-07-08,34.3421
2006-07-11,34.3647
2006-07-12,34.2354
2006-07-13,34.3011
2006-07-14,34.222
2006-07-15,34.1488
2006-07-18,34.0151
2006-07-19,33.8661
2006-07-20,33.8247
2006-07-21,33.9789
2006-07-22,34.0332
2006-07-25,34.0136
2006-07-26,34.0673
2006-07-27,33.9291
2006-07-28,34.1713
2006-07-29,34.1084
2006-08-01,34.2112
2006-08-02,34.172
2006-08-03,34.3016
2006-08-04,34.2126
2006-08-05,34.2508
2006-08-08,34.3633
2006-08-09,34.2954
2006-08-10,34.3009
2006-08-11,34.3852
2006-08-12,34.2039
2006-08-15,34.1887
2006-08-16,34.1486
2006-08-17,34.2495
2006-08-18,34.3625
2006-08-19,34.3162
2006-08-22,34.4014
2006-08-23,34.377
2006-08-24,34.2599
2006-08-25,34.2168
2006-08-26,34.2019
2006-08-29,34.254
2006-08-30,34.308
2006-08-31,34.3127
2006-09-01,34.318
2006-09-02,34.2668
2006-09-05,34.3434
2006-09-06,34.1932
2006-09-07,34.1927
2006-09-08,34.1893
2006-09-09,34.0339
2006-09-12,33.9887
2006-09-13,34.0435
2006-09-14,34.0147
2006-09-15,33.9977
2006-09-16,34.0446
2006-09-19,33.9724
2006-09-20,34.0052
2006-09-21,33.9577
2006-09-22,34.016
2006-09-23,34.1525
2006-09-26,34.1465
2006-09-27,34.06
2006-09-28,33.9726
2006-09-29,34.0284
2006-09-30,33.9783
2006-10-03,33.9651
2006-10-04,34.1013
2006-10-05,34.0745
2006-10-06,34.0458
2006-10-07,33.99
2006-10-10,33.8757
2006-10-11,33.8828
2006-10-12,33.7945
2006-10-13,33.7963
2006-10-14,33.8393
2006-10-17,33.7247
2006-10-18,33.7588
2006-10-19,33.7983
2006-10-20,33.782
2006-10-21,33.9048
2006-10-24,33.8532
2006-10-25,33.7603
2006-10-26,33.8003
2006-10-27,33.9272
2006-10-28,33.9677
2006-10-31,34.0284
2006-11-01,33.9852
2006-11-02,34.0842
2006-11-03,34.0778
2006-11-04,34.1075
2006-11-08,34.0917
2006-11-09,34.1015
2006-11-10,34.1096
2006-11-11,34.238
2006-11-14,34.2299
2006-11-15,34.1798
2006-11-16,34.1741
2006-11-17,34.1718
2006-11-18,34.1216
2006-11-21,34.19
2006-11-22,34.1741
2006-11-23,34.2499
2006-11-24,34.3555
2006-11-25,34.3937
2006-11-28,34.5983
2006-11-29,34.6296
2006-11-30,34.6775
2006-12-01,34.6899
2006-12-02,34.8186
2006-12-05,34.8718
2006-12-06,34.8797
2006-12-07,34.8671
2006-12-08,34.8847
2006-12-09,34.8356
2006-12-12,34.713
2006-12-13,34.7616
2006-12-14,34.8115
2006-12-15,34.7558
2006-12-16,34.6526
2006-12-19,34.5741
2006-12-20,34.5776
2006-12-21,34.7341
2006-12-22,34.7065
2006-12-23,34.7082
2006-12-26,34.6197
2006-12-27,34.6054
2006-12-28,34.6536
2006-12-29,34.6249
2006-12-30,34.6965
2007-01-10,34.4862
2007-01-11,34.4129
2007-01-12,34.3828
2007-01-13,34.3136
2007-01-16,34.3771
2007-01-17,34.4037
2007-01-18,34.3374
2007-01-19,34.3991
2007-01-20,34.4173
2007-01-23,34.4009
2007-01-24,34.4016
2007-01-25,34.4555
2007-01-26,34.4099
2007-01-27,34.3176
2007-01-30,34.3212
2007-01-31,34.3896
2007-02-01,34.3802
2007-02-02,34.4929
2007-02-03,34.469
2007-02-06,34.3601
2007-02-07,34.3214
2007-02-08,34.4128
2007-02-09,34.3419
2007-02-10,34.3015
2007-02-13,34.3097
2007-02-14,34.2649
2007-02-15,34.3688
2007-02-16,34.4602
2007-02-17,34.4555
2007-02-20,34.4676
2007-02-21,34.4823
2007-02-22,34.4591
2007-02-23,34.392
2007-02-27,34.4908
2007-02-28,34.518
2007-03-01,34.539
2007-03-02,34.55
2007-03-03,34.4816
2007-03-06,34.4618
2007-03-07,34.418
2007-03-08,34.4206
2007-03-10,34.4564
2007-03-13,34.4292
2007-03-14,34.4808
2007-03-15,34.509
2007-03-16,34.5308
2007-03-17,34.6563
2007-03-20,34.6435
2007-03-21,34.6429
2007-03-22,34.6558
2007-03-23,34.7309
2007-03-24,34.6751
2007-03-27,34.5937
2007-03-28,34.6768
2007-03-29,34.7015
2007-03-30,34.6644
2007-03-31,34.6861
2007-04-03,34.7107
2007-04-04,34.7301
2007-04-05,34.6887
2007-04-06,34.7214
2007-04-07,34.7812
2007-04-10,34.7102
2007-04-11,34.7886
2007-04-12,34.8028
2007-04-13,34.8423
2007-04-14,34.9177
2007-04-17,34.9518
2007-04-18,34.935
2007-04-19,35.0029
2007-04-20,34.9795
2007-04-21,35.0387
2007-04-24,34.9844
2007-04-25,34.9651
2007-04-26,35.058
2007-04-27,35.0586
2007-04-28,34.9972
2007-04-29,35.0653
2007-05-03,34.9823
2007-05-04,35.0195
2007-05-05,34.9609
2007-05-08,35.0178
2007-05-09,35.018
2007-05-11,34.9486
2007-05-12,34.8585
2007-05-15,34.9294
2007-05-16,34.9439
2007-05-17,35.0134
2007-05-18,34.92
2007-05-19,34.8706
2007-05-22,34.9082
2007-05-23,34.8619
2007-05-24,34.8358
2007-05-25,34.8358
2007-05-26,34.8041
2007-05-29,34.8354
2007-05-30,34.8187
2007-05-31,34.8164
2007-06-01,34.8128
2007-06-02,34.8177
2007-06-05,34.818
2007-06-06,34.894
2007-06-07,34.9369
2007-06-08,34.8929
2007-06-09,34.778
2007-06-10,34.7471
2007-06-14,34.6333
2007-06-15,34.6471
2007-06-16,34.6698
2007-06-19,34.7756
2007-06-20,34.8093
2007-06-21,34.8155
2007-06-22,34.7676
2007-06-23,34.79
2007-06-26,34.8472
2007-06-27,34.6819
2007-06-28,34.6993
2007-06-29,34.7324
2007-06-30,34.715
2007-07-03,34.8368
2007-07-04,34.9454
2007-07-05,34.9657
2007-07-06,34.958
2007-07-07,34.9575
2007-07-10,35.0081
2007-07-11,34.9342
2007-07-12,35.1099
2007-07-13,35.1263
2007-07-14,35.1072
2007-07-17,35.1066
2007-07-18,35.1068
2007-07-19,35.1379
2007-07-20,35.0869
2007-07-21,35.077
2007-07-24,35.1079
2007-07-25,35.0902
2007-07-26,35.0728
2007-07-27,34.9666
2007-07-28,34.9911
2007-07-31,34.9336
2007-08-01,35.0015
2007-08-02,34.9528
2007-08-03,34.9774
2007-08-04,35.0262
2007-08-07,35.195
2007-08-08,35.1489
2007-08-09,34.9968
2007-08-10,34.9499
2007-08-11,34.8808
2007-08-14,34.8325
2007-08-15,34.7413
2007-08-16,34.5813
2007-08-17,34.548
2007-08-18,34.5502
2007-08-21,34.7372
2007-08-22,34.8259
2007-08-23,34.8511
2007-08-24,34.8377
2007-08-25,34.9344
2007-08-28,35.0773
2007-08-29,35.0006
2007-08-30,35.0042
2007-08-31,35.0114
2007-09-01,35.0233
2007-09-04,34.9221
2007-09-05,34.8571
2007-09-06,34.8951
2007-09-07,35.021
2007-09-08,35.0848
2007-09-11,35.2366
2007-09-12,35.1857
2007-09-13,35.2223
2007-09-14,35.2309
2007-09-15,35.1674
2007-09-18,35.1358
2007-09-19,35.101
2007-09-20,35.2135
2007-09-21,35.2188
2007-09-22,35.3186
2007-09-25,35.3088
2007-09-26,35.2193
2007-09-27,35.2954
2007-09-28,35.3261
2007-09-29,35.3457
2007-10-02,35.4443
2007-10-03,35.3712
2007-10-04,35.3428
2007-10-05,35.2531
2007-10-06,35.2837
2007-10-09,35.2693
2007-10-10,35.1788
2007-10-11,35.2652
2007-10-12,35.3414
2007-10-13,35.3363
2007-10-16,35.3383
2007-10-17,35.3746
2007-10-18,35.3372
2007-10-19,35.4194
2007-10-20,35.5346
2007-10-23,35.533
2007-10-24,35.3999
2007-10-25,35.4003
2007-10-26,35.4497
2007-10-27,35.558
2007-10-30,35.6248
2007-10-31,35.5874
2007-11-01,35.6492
2007-11-02,35.6768
2007-11-03,35.6888
2007-11-07,35.7455
2007-11-08,35.8517
2007-11-09,35.8798
2007-11-10,35.9304
2007-11-13,35.8674
2007-11-14,35.8461
2007-11-15,35.8926
2007-11-16,35.9053
2007-11-17,35.8365
2007-11-20,35.8619
2007-11-21,35.9724
2007-11-22,36.0584
2007-11-23,36.0895
2007-11-24,36.1498
2007-11-27,36.0864
2007-11-28,36.0874
2007-11-29,36.0244
2007-11-30,36.0389
2007-12-01,36.0055
2007-12-04,35.9136
2007-12-05,35.8925
2007-12-06,35.9662
2007-12-07,35.7972
2007-12-08,35.8327
2007-12-11,35.8798
2007-12-12,35.9595
2007-12-13,35.9242
2007-12-14,35.9418
2007-12-15,35.8398
2007-12-18,35.6038
2007-12-19,35.5822
2007-12-20,35.5813
2007-12-21,35.5501
2007-12-22,35.5796
2007-12-25,35.5677
2007-12-26,35.5839
2007-12-27,35.6152
2007-12-28,35.7261
2007-12-29,35.941
2007-12-30,35.9332
2008-01-10,35.9762
2008-01-11,35.9214
2008-01-12,36.0389
2008-01-15,36.1212
2008-01-16,36.113
2008-01-17,36.0646
2008-01-18,35.862
2008-01-19,35.8669
2008-01-22,35.8298
2008-01-23,35.849
2008-01-24,35.9832
2008-01-25,35.9891
2008-01-26,36.0714
2008-01-29,36.1033
2008-01-30,36.1398
2008-01-31,36.1688
2008-02-01,36.29
2008-02-02,36.3225
2008-02-05,36.2731
2008-02-06,36.3059
2008-02-07,36.098
2008-02-08,36.0259
2008-02-09,35.8585
2008-02-12,35.9316
2008-02-13,35.8317
2008-02-14,35.9006
2008-02-15,35.9732
2008-02-16,36.0309
2008-02-19,36.0663
2008-02-20,36.0992
2008-02-21,36.1036
2008-02-22,36.1399
2008-02-23,36.2248
2008-02-27,36.1921
2008-02-28,36.3893
2008-02-29,36.4054
2008-03-01,36.5099
2008-03-04,36.5125
2008-03-05,36.5169
2008-03-06,36.4918
2008-03-07,36.6204
2008-03-08,36.6921
2008-03-12,36.6446
2008-03-13,36.6538
2008-03-14,36.8701
2008-03-15,36.8995
2008-03-18,37.1123
2008-03-19,37.0825
2008-03-20,37.0216
2008-03-21,36.8739
2008-03-22,36.7526
2008-03-25,36.6632
2008-03-26,36.8527
2008-03-27,36.9103
2008-03-28,37.0794
2008-03-29,37.0676
2008-04-01,37.0873
2008-04-02,36.9851
2008-04-03,36.8693
2008-04-04,36.9414
2008-04-05,36.976
2008-04-08,36.9714
2008-04-09,37.0433
2008-04-10,37.0295
2008-04-11,37.1299
2008-04-12,37.107
2008-04-15,37.0603
2008-04-16,37.1291
2008-04-17,37.1396
2008-04-18,37.2336
2008-04-19,37.2348
2008-04-22,37.1137
2008-04-23,37.1598
2008-04-24,37.2606
2008-04-25,37.1463
2008-04-26,36.9422
2008-04-29,36.9469
2008-04-30,36.8895
2008-05-01,36.8959
2008-05-05,36.6997
2008-05-06,36.7666
2008-05-07,36.7701
2008-05-08,36.7757
2008-05-09,36.6035
2008-05-13,36.6715
2008-05-14,36.8346
2008-05-15,36.873
2008-05-16,37.0339
2008-05-17,36.9053
2008-05-20,36.9474
2008-05-21,36.9705
2008-05-22,37.0731
2008-05-23,37.2238
2008-05-24,37.0932
2008-05-27,37.1357
2008-05-28,37.1239
2008-05-29,37.0987
2008-05-30,36.8904
2008-05-31,36.7827
2008-06-03,36.8701
2008-06-04,36.8699
2008-06-05,36.7382
2008-06-06,36.7699
2008-06-07,36.9233
2008-06-08,37.181
2008-06-10,37.142
2008-06-11,36.807
2008-06-12,36.6841
2008-06-17,36.5681
2008-06-18,36.6943
2008-06-19,36.6827
2008-06-20,36.7325
2008-06-21,36.7003
2008-06-24,36.7427
2008-06-25,36.7138
2008-06-26,36.7203
2008-06-27,36.8276
2008-06-28,36.9077
2008-07-01,36.971
2008-07-02,36.9823
2008-07-03,37.0561
2008-07-04,37.1069
2008-07-05,36.9381
2008-07-08,36.8131
2008-07-09,36.8823
2008-07-10,36.7822
2008-07-11,36.8747
2008-07-12,36.8774
2008-07-15,36.9009
2008-07-16,36.8759
2008-07-17,36.8559
2008-07-18,36.8093
2008-07-19,36.7991
2008-07-22,36.8142
2008-07-23,36.9419
2008-07-24,36.7695
2008-07-25,36.6664
2008-07-26,36.7128
2008-07-29,36.6768
2008-07-30,36.7203
2008-07-31,36.5329
2008-08-01,36.5752
2008-08-02,36.5353
2008-08-05,36.4586
2008-08-06,36.3999
2008-08-07,36.4564
2008-08-08,36.4737
2008-08-09,36.2996
2008-08-12,36.7808
2008-08-13,36.185
2008-08-14,36.1034
2008-08-15,36.1922
2008-08-16,36.1406
2008-08-19,36.12
2008-08-20,35.9832
2008-08-21,36.0439
2008-08-22,35.9975
2008-08-23,36.1257
2008-08-26,36.0083
2008-08-27,36.0888
2008-08-28,36.1574
2008-08-29,36.2884
2008-08-30,36.2264
2008-09-02,36.1248
2008-09-03,35.9455
2008-09-04,35.9279
2008-09-05,36.5937
2008-09-06,36.3908
2008-09-09,36.267
2008-09-10,36.0877
2008-09-11,36.1851
2008-09-12,35.9922
2008-09-13,36.0821
2008-09-16,36.4299
2008-09-17,36.3415
2008-09-18,36.2958
2008-09-19,36.4066
2008-09-20,36.2568
2008-09-23,36.6274
2008-09-24,36.8974
2008-09-25,36.7957
2008-09-26,36.7099
2008-09-27,36.5948
2008-09-30,36.37
2008-10-01,36.4999
2008-10-02,36.153
2008-10-03,35.9458
2008-10-04,35.8757
2008-10-07,35.5476
2008-10-08,35.5512
2008-10-09,35.5632
2008-10-10,35.6839
2008-10-11,35.5171
2008-10-14,35.6051
2008-10-15,35.6063
2008-10-16,35.5798
2008-10-17,35.3188
2008-10-18,35.3988
2008-10-21,35.1731
2008-10-22,35.0881
2008-10-23,34.6345
2008-10-24,34.5767
2008-10-25,34.4144
2008-10-28,34.0844
2008-10-29,34.1627
2008-10-30,34.4306
2008-10-31,35.0447
2008-11-01,34.4092
2008-11-02,34.4828
2008-11-06,34.5449
2008-11-07,34.6484
2008-11-08,34.5112
2008-11-11,34.5677
2008-11-12,34.8064
2008-11-13,34.6319
2008-11-14,34.3777
2008-11-15,34.7938
2008-11-18,34.5766
2008-11-19,34.625
2008-11-20,34.6693
2008-11-21,34.4975
2008-11-22,34.5215
2008-11-25,34.9141
2008-11-26,35.2416
2008-11-27,35.4565
2008-11-28,35.3629
2008-11-29,35.7166
2008-12-02,35.4095
2008-12-03,35.3037
2008-12-04,35.4404
2008-12-05,35.3887
2008-12-06,35.8786
2008-12-09,36.0107
2008-12-10,36.0061
2008-12-11,36.1715
2008-12-12,36.6678
2008-12-13,36.9008
2008-12-16,37.4292
2008-12-17,37.8188
2008-12-18,38.704
2008-12-19,39.7798
2008-12-20,39.5475
2008-12-23,39.7253
2008-12-24,39.6674
2008-12-25,39.9565
2008-12-26,40.1859
2008-12-27,40.788
2008-12-30,41.6294
2008-12-31,41.4411
2009-01-01,41.4275
2009-01-12,41.1311
2009-01-13,41.5282
2009-01-14,41.4105
2009-01-15,41.9706
2009-01-16,42.3833
2009-01-17,43.08
2009-01-20,43.7815
2009-01-21,43.3331
2009-01-22,42.1454
2009-01-23,42.6454
2009-01-24,42.3986
2009-01-27,42.4861
2009-01-28,43.7123
2009-01-29,44.0305
2009-01-30,45.3398
2009-01-31,45.6636
2009-02-03,46.0457
2009-02-04,46.3896
2009-02-05,46.8392
2009-02-06,46.5924
2009-02-07,46.4788
2009-02-10,46.5951
2009-02-11,46.3621
2009-02-12,46.3312
2009-02-13,44.9655
2009-02-14,44.6107
2009-02-17,44.3476
2009-02-18,44.9957
2009-02-19,45.9741
2009-02-20,45.4422
2009-02-21,45.4089
2009-02-25,45.9108
2009-02-26,45.967
2009-02-27,45.428
2009-02-28,45.3543
2009-03-03,45.5201
2009-03-04,45.8071
2009-03-05,45.3543
2009-03-06,45.2572
2009-03-07,45.3686
2009-03-11,45.0365
2009-03-12,44.4258
2009-03-13,45.0674
2009-03-14,44.9258
2009-03-17,45.1894
2009-03-18,44.8603
2009-03-19,44.8083
2009-03-20,45.5416
2009-03-21,45.7695
2009-03-24,45.6323
2009-03-25,45.2674
2009-03-26,45.3963
2009-03-27,45.4446
2009-03-28,45.3151
2009-03-31,44.9419
2009-04-01,44.8946
2009-04-02,44.7912
2009-04-03,44.8684
2009-04-04,44.8523
2009-04-07,44.9412
2009-04-08,44.6578
2009-04-09,44.4993
2009-04-10,44.586
2009-04-11,44.1607
2009-04-14,44.1986
2009-04-15,44.447
2009-04-16,44.2653
2009-04-17,44.0555
2009-04-18,43.8226
2009-04-21,43.5613
2009-04-22,44.0764
2009-04-23,44.0392
2009-04-24,44.0216
2009-04-25,44.0392
2009-04-28,43.8783
2009-04-29,43.6596
2009-04-30,43.8389
2009-05-01,43.9939
2009-05-05,43.8727
2009-05-06,43.8501
2009-05-07,43.725
2009-05-08,43.5406
2009-05-09,43.6574
2009-05-13,43.9709
2009-05-14,43.7798
2009-05-15,43.6258
2009-05-16,43.6124
2009-05-19,43.4714
2009-05-20,43.3303
2009-05-21,43.246
2009-05-22,43.3562
2009-05-23,43.4644
2009-05-26,43.4909
2009-05-27,43.4712
2009-05-28,43.4963
2009-05-29,43.3269
2009-05-30,43.378
2009-06-02,43.4875
2009-06-03,43.4152
2009-06-04,43.649
2009-06-05,43.8542
2009-06-06,43.6009
2009-06-09,43.328
2009-06-10,43.4909
2009-06-11,43.5895
2009-06-12,43.3546
2009-06-16,43.2958
2009-06-17,43.3511
2009-06-18,43.2796
2009-06-19,43.434
2009-06-20,43.3914
2009-06-23,43.3216
2009-06-24,43.7556
2009-06-25,43.9274
2009-06-26,43.5728
2009-06-27,43.6965
2009-06-30,43.8191
2009-07-01,43.8512
2009-07-02,43.8069
2009-07-03,43.9052
2009-07-04,43.7942
2009-07-07,43.8481
2009-07-08,43.8559
2009-07-09,44.1387
2009-07-10,44.407
2009-07-11,44.6732
2009-07-14,46.0059
2009-07-15,45.4873
2009-07-16,44.994
2009-07-17,44.6066
2009-07-18,44.8023
2009-07-21,44.4466
2009-07-22,44.2743
2009-07-23,44.1159
2009-07-24,44.2771
2009-07-25,44.1712
2009-07-28,43.8249
2009-07-29,43.7675
2009-07-30,44.4351
2009-07-31,44.6927
2009-08-01,43.9978
2009-08-04,44.4642
2009-08-05,44.7097
2009-08-06,44.778
2009-08-07,44.9168
2009-08-08,45.2893
2009-08-11,44.9498
2009-08-12,44.9389
2009-08-13,46.1718
2009-08-14,45.8108
2009-08-15,45.2618
2009-08-18,45.635
2009-08-19,45.0884
2009-08-20,45.0123
2009-08-21,44.9842
2009-08-22,45.4663
2009-08-25,45.1512
2009-08-26,45.0476
2009-08-27,44.9407
2009-08-28,45.0782
2009-08-29,45.3011
2009-09-01,45.4321
2009-09-02,45.6501
2009-09-03,45.488
2009-09-04,45.3932
2009-09-05,45.1084
2009-09-08,45.0672
2009-09-09,45.1084
2009-09-10,45.1512
2009-09-11,45.0212
2009-09-12,44.8886
2009-09-15,44.8575
2009-09-16,45.3036
2009-09-17,44.9612
2009-09-18,44.8133
2009-09-19,44.6807
2009-09-22,44.5271
2009-09-23,44.5625
2009-09-24,44.3946
2009-09-25,44.362
2009-09-26,44.2562
2009-09-29,44.1291
2009-09-30,44.0068
2009-10-01,43.8877
2009-10-02,43.8245
2009-10-03,43.8154
2009-10-06,44.0259
2009-10-07,43.9667
2009-10-08,43.8211
2009-10-09,43.751
2009-10-10,43.6052
2009-10-13,43.5069
2009-10-14,43.6133
2009-10-15,43.8647
2009-10-16,43.846
2009-10-17,43.7429
2009-10-20,43.7453
2009-10-21,43.7166
2009-10-22,43.6003
2009-10-23,43.5705
2009-10-24,43.5353
2009-10-27,43.5002
2009-10-28,43.2606
2009-10-29,43.2489
2009-10-30,43.218
2009-10-31,43.0678
2009-11-03,43.0588
2009-11-04,43.1606
2009-11-06,43.1897
2009-11-07,43.1578
2009-11-10,43.1476
2009-11-11,43.0742
2009-11-12,43.0424
2009-11-13,42.9134
2009-11-14,42.8971
2009-11-17,42.9541
2009-11-18,42.8948
2009-11-19,42.7844
2009-11-20,42.7998
2009-11-21,43.0407
2009-11-24,43.0856
2009-11-25,42.9981
2009-11-26,43.1921
2009-11-27,43.5523
2009-11-28,44.3571
2009-12-01,43.7658
2009-12-02,43.8736
2009-12-03,43.8252
2009-12-04,44.1945
2009-12-05,44.0275
2009-12-08,43.8905
2009-12-09,44.7174
2009-12-10,45.2608
2009-12-11,45.0735
2009-12-12,44.4913
2009-12-15,44.0806
2009-12-16,43.9441
2009-12-17,43.9016
2009-12-18,43.8568
2009-12-19,44.1766
2009-12-22,43.7854
2009-12-23,43.5744
2009-12-24,43.4848
2009-12-25,42.9903
2009-12-26,42.3566
2009-12-29,42.5638
2009-12-30,43.0096
2009-12-31,43.3883
2010-01-01,43.4605
2010-01-12,42.6681
2010-01-13,42.6149
2010-01-14,42.9497
2010-01-15,42.7764
2010-01-16,42.5905
2010-01-19,42.5654
2010-01-20,42.5094
2010-01-21,42.1478
2010-01-22,41.9485
2010-01-23,42.0576
2010-01-26,42.5808
2010-01-27,42.7058
2010-01-28,42.5574
2010-01-29,42.5842
2010-01-30,42.4637
2010-02-02,42.219
2010-02-03,42.051
2010-02-04,41.7633
2010-02-05,41.6115
2010-02-06,41.7179
2010-02-09,41.6937
2010-02-10,41.6998
2010-02-11,41.6551
2010-02-12,41.5085
2010-02-13,41.1737
2010-02-16,41.1092
2010-02-17,41.1467
2010-02-18,41.2561
2010-02-19,40.8825
2010-02-20,40.6285
2010-02-25,40.6498
2010-02-26,40.5012
2010-02-27,40.7566
2010-02-28,40.8047
2010-03-02,40.7377
2010-03-03,40.5271
2010-03-04,40.6007
2010-03-05,40.7215
2010-03-06,40.5211
2010-03-10,40.4866
2010-03-11,40.3367
2010-03-12,40.2469
2010-03-13,40.261
2010-03-16,40.3272
2010-03-17,40.2347
2010-03-18,40.283
2010-03-19,39.9586
2010-03-20,39.8357
2010-03-23,39.6339
2010-03-24,39.8238
2010-03-25,39.7152
2010-03-26,39.5301
2010-03-27,39.3808
2010-03-30,39.8654
2010-03-31,39.7028
2010-04-01,39.5713
2010-04-02,39.7255
2010-04-03,39.6303
2010-04-06,39.3922
2010-04-07,39.2568
2010-04-08,39.1866
2010-04-09,39.1524
2010-04-10,39.2286
2010-04-13,39.4982
2010-04-14,39.4829
2010-04-15,39.6253
2010-04-16,39.4387
2010-04-17,39.2723
2010-04-20,39.2873
2010-04-21,39.2199
2010-04-22,39.0919
2010-04-23,39.0413
2010-04-24,38.7445
2010-04-27,38.8706
2010-04-28,38.8534
2010-04-29,38.7817
2010-04-30,38.702
2010-05-01,38.6986
2010-05-05,38.6004
2010-05-06,38.5143
2010-05-07,38.6833
2010-05-08,38.949
2010-05-12,38.5948
2010-05-13,38.194
2010-05-14,37.8412
2010-05-15,37.7282
2010-05-18,37.7562
2010-05-19,37.6224
2010-05-20,37.4206
2010-05-21,38.0406
2010-05-22,39.0115
2010-05-25,38.6159
2010-05-26,38.6046
2010-05-27,38.5119
2010-05-28,37.9869
2010-05-29,37.6316
2010-06-01,37.8133
2010-06-02,38.033
2010-06-03,38.1111
2010-06-04,38.0117
2010-06-05,37.8476
2010-06-08,37.9165
2010-06-09,37.8333
2010-06-10,37.943
2010-06-11,38.0217
2010-06-12,38.0982
2010-06-16,38.3303
2010-06-17,38.4192
2010-06-18,38.2614
2010-06-19,38.256
2010-06-22,38.267
2010-06-23,38.033
2010-06-24,38.0242
2010-06-25,38.2352
2010-06-26,38.3324
2010-06-29,38.3139
2010-06-30,38.1863
2010-07-01,38.2097
2010-07-02,38.3031
2010-07-03,38.9928
2010-07-06,39.0305
2010-07-07,39.1021
2010-07-08,39.1326
2010-07-09,39.1615
2010-07-10,39.1285
2010-07-13,38.8716
2010-07-14,38.7345
2010-07-15,38.809
2010-07-16,38.9053
2010-07-17,39.3258
2010-07-20,39.4373
2010-07-21,39.5306
2010-07-22,39.2145
2010-07-23,38.9503
2010-07-24,39.1253
2010-07-27,39.1999
2010-07-28,39.3139
2010-07-29,39.335
2010-07-30,39.3671
2010-07-31,39.4694
2010-08-03,39.4653
2010-08-04,39.45
2010-08-05,39.3781
2010-08-06,39.2404
2010-08-07,39.3593
2010-08-10,39.611
2010-08-11,39.5235
2010-08-12,39.4417
2010-08-13,39.3009
2010-08-14,39.2173
2010-08-17,39.0868
2010-08-18,39.1148
2010-08-19,39.0514
2010-08-20,39.03
2010-08-21,39.0923
2010-08-24,38.9131
2010-08-25,38.8662
2010-08-26,39.0894
2010-08-27,39.1911
2010-08-28,39.0311
2010-08-31,39.0291
2010-09-01,39.0127
2010-09-02,39.1654
2010-09-03,39.2901
2010-09-04,39.3505
2010-09-07,39.472
2010-09-08,39.3215
2010-09-09,39.2948
2010-09-10,39.1868
2010-09-11,39.1917
2010-09-14,39.3235
2010-09-15,39.5264
2010-09-16,39.9107
2010-09-17,40.3166
2010-09-18,40.8115
2010-09-21,40.5416
2010-09-22,40.6483
2010-09-23,41.2254
2010-09-24,41.538
2010-09-25,41.2599
2010-09-28,41.222
2010-09-29,41.0884
2010-09-30,41.3481
2010-10-01,41.4392
2010-10-02,41.6606
2010-10-05,41.9747
2010-10-06,41.7156
2010-10-07,41.4017
2010-10-08,41.3564
2010-10-09,41.6717
2010-10-12,41.66
2010-10-13,41.5895
2010-10-14,42.0451
2010-10-15,42.1585
2010-10-16,42.3939
2010-10-19,42.3577
2010-10-20,42.2983
2010-10-21,42.4411
2010-10-22,42.8781
2010-10-23,42.5351
2010-10-26,42.4975
2010-10-27,42.4658
2010-10-28,42.1841
2010-10-29,42.4316
2010-10-30,42.7256
2010-11-02,42.9848
2010-11-03,42.9147
2010-11-04,43.1654
2010-11-09,42.9854
2010-11-10,42.7798
2010-11-11,42.3004
2010-11-12,42.059
2010-11-13,41.8779
2010-11-14,42.2311
2010-11-16,42.1715
2010-11-17,42.2175
2010-11-18,42.2863
2010-11-19,42.4069
2010-11-20,42.3568
2010-11-23,42.6367
2010-11-24,42.4036
2010-11-25,41.9168
2010-11-26,41.6956
2010-11-27,41.6192
2010-11-30,41.5682
2010-12-01,41.0814
2010-12-02,41.062
2010-12-03,41.2276
2010-12-04,41.3374
2010-12-07,41.7677
2010-12-08,41.6525
2010-12-09,41.272
2010-12-10,41.2106
2010-12-11,40.9394
2010-12-14,40.8042
2010-12-15,41.2932
2010-12-16,40.8851
2010-12-17,40.6798
2010-12-18,40.7979
2010-12-21,40.5055
2010-12-22,40.472
2010-12-23,40.3582
2010-12-24,40.1706
2010-12-25,40.1548
2010-12-28,40.0594
2010-12-29,40.0226
2010-12-30,39.9011
2010-12-31,40.3331
2011-01-01,40.4876
2011-01-12,39.6076
2011-01-13,39.5154
2011-01-14,39.4815
2011-01-15,40.1264
2011-01-19,39.9066
2011-01-20,40.1895
2011-01-21,40.2113
2011-01-22,40.5807
2011-01-25,40.5624
2011-01-26,40.7027
2011-01-27,40.7198
2011-01-28,40.6205
2011-01-29,40.6487
2011-02-01,40.5811
2011-02-02,40.7368
2011-02-03,40.7258
2011-02-04,40.5279
2011-02-05,40.0819
2011-02-08,39.9593
2011-02-09,39.8892
2011-02-10,39.9871
2011-02-11,40.135
2011-02-12,39.7667
2011-02-15,39.604
2011-02-16,39.4703
2011-02-17,39.6802
2011-02-18,39.6821
2011-02-19,39.7682
2011-02-22,39.8868
2011-02-23,39.6795
2011-02-25,40.0294
2011-02-26,40.0073
2011-03-01,39.8136
2011-03-02,39.7219
2011-03-03,39.3974
2011-03-04,39.2752
2011-03-05,39.3476
2011-03-06,39.4038
2011-03-10,39.3039
2011-03-11,39.3151
2011-03-12,39.5375
2011-03-15,39.9347
2011-03-16,39.9813
2011-03-17,40.0728
2011-03-18,40.1097
2011-03-19,40.0633
2011-03-22,40.1996
2011-03-23,40.0858
2011-03-24,40.0642
2011-03-25,39.9495
2011-03-26,40.0156
2011-03-29,39.9288
2011-03-30,40.0325
2011-03-31,40.0223
2011-04-01,40.3875
2011-04-02,40.198
2011-04-05,40.1624
2011-04-06,40.1652
2011-04-07,40.2789
2011-04-08,40.3528
2011-04-09,40.4859
2011-04-12,40.439
2011-04-13,40.5268
2011-04-14,40.7604
2011-04-15,40.8791
2011-04-16,40.8304
2011-04-19,40.4739
2011-04-20,40.4407
2011-04-21,40.5523
2011-04-22,40.8117
2011-04-23,40.7443
2011-04-26,40.7933
2011-04-27,40.5837
2011-04-28,40.6681
2011-04-29,40.8121
2011-04-30,40.8078
2011-05-04,40.5211
2011-05-05,40.5751
2011-05-06,40.5421
2011-05-07,40.2974
2011-05-11,39.8657
2011-05-12,39.7827
2011-05-13,39.6934
2011-05-14,39.7137
2011-05-17,39.683
2011-05-18,39.8512
2011-05-19,40.0113
2011-05-20,39.8889
2011-05-21,39.9652
2011-05-24,39.8117
2011-05-25,39.9938
2011-05-26,39.9566
2011-05-27,40.0217
2011-05-28,40.0802
2011-05-31,40.0594
2011-06-01,40.2444
2011-06-02,40.3497
2011-06-03,40.3074
2011-06-04,40.3436
2011-06-07,40.6879
2011-06-08,40.6581
2011-06-09,40.6273
2011-06-10,40.5244
2011-06-11,40.2298
2011-06-15,40.2825
2011-06-16,40.128
2011-06-17,39.8184
2011-06-18,39.8913
2011-06-21,40.047
2011-06-22,40.2277
2011-06-23,40.1814
2011-06-24,40.0791
2011-06-30,40.387
2011-07-01,40.4153
2011-07-02,40.4824
2011-07-05,40.4155
2011-07-06,40.311
2011-07-07,40.2435
2011-07-08,40.0917
2011-07-09,40.0193
2011-07-12,39.8033
2011-07-13,39.5051
2011-07-14,39.5919
2011-07-15,39.8214
2011-07-16,39.7388
2011-07-19,39.5894
2011-07-20,39.7316
2011-07-21,39.728
2011-07-22,39.8415
2011-07-23,39.9484
2011-07-26,39.8365
2011-07-27,39.9389
2011-07-28,39.7937
2011-07-29,39.5982
2011-07-30,39.5182
2011-08-02,39.6431
2011-08-03,39.5173
2011-08-04,39.5923
2011-08-05,39.8158
2011-08-06,39.9625
2011-08-09,40.959
2011-08-10,41.9039
2011-08-11,42.0285
2011-08-12,41.9075
2011-08-13,41.7768
2011-08-16,41.2895
2011-08-17,41.2924
2011-08-18,41.3061
2011-08-19,41.6355
2011-08-20,41.8749
2011-08-23,42.0226
2011-08-24,41.66
2011-08-25,41.6618
2011-08-26,41.6746
2011-08-27,41.6705
2011-08-30,41.7455
2011-08-31,41.8396
2011-09-01,41.7631
2011-09-02,41.4732
2011-09-03,41.3762
2011-09-06,41.483
2011-09-08,41.4902
2011-09-09,41.5175
2011-09-10,41.2786
2011-09-13,41.0914
2011-09-14,41.2267
2011-09-15,41.3531
2011-09-16,41.8792
2011-09-17,42.2482
2011-09-20,42.2058
2011-09-21,42.9164
2011-09-22,43.0127
2011-09-23,43.2421
2011-09-24,43.3655
2011-09-27,43.4535
2011-09-28,43.6357
2011-09-29,43.2216
2011-09-30,43.3979
2011-10-01,43.4191
2011-10-04,43.4411
2011-10-05,43.1571
2011-10-06,43.4632
2011-10-07,43.3728
2011-10-08,43.2614
2011-10-11,43.1425
2011-10-12,42.8601
2011-10-13,42.8785
2011-10-14,43.0236
2011-10-15,42.7328
2011-10-18,42.6169
2011-10-19,42.5551
2011-10-20,42.7084
2011-10-21,42.9858
2011-10-22,43.1373
2011-10-25,42.9153
2011-10-26,42.4001
2011-10-27,42.5457
2011-10-28,42.3571
2011-10-29,42.383
2011-11-01,42.1833
2011-11-02,42.2469
2011-11-03,42.1431
2011-11-04,42.2128
2011-11-08,42.0727
2011-11-09,41.9394
2011-11-10,41.5998
2011-11-11,41.6937
2011-11-12,41.5886
2011-11-15,41.6638
2011-11-16,41.6884
2011-11-17,41.4605
2011-11-18,41.4997
2011-11-19,41.7035
2011-11-22,41.8612
2011-11-23,41.9109
2011-11-24,42.0256
2011-11-25,42.0337
2011-11-26,42.0251
2011-11-29,41.7744
2011-11-30,41.8457
2011-12-01,41.7559
2011-12-02,41.5068
2011-12-06,41.4707
2011-12-07,41.5842
2011-12-08,41.8661
2011-12-09,41.8711
2011-12-10,42.0153
2011-12-13,41.9023
2011-12-14,41.7891
2011-12-15,41.4127
2011-12-16,41.4389
2011-12-17,41.3933
2011-12-20,41.6868
2011-12-21,41.7059
2011-12-22,41.6718
2011-12-23,41.225
2011-12-24,40.8848
2011-12-27,40.7632
2011-12-28,40.6339
2011-12-29,41.228
2011-12-30,41.4079
2011-12-31,41.6714
2012-01-11,40.7591
2012-01-12,40.4061
2012-01-13,40.2852
2012-01-14,40.6189
2012-01-17,40.3842
2012-01-18,40.1688
2012-01-19,40.2612
2012-01-20,40.4772
2012-01-21,40.5867
2012-01-24,40.4064
2012-01-25,40.1872
2012-01-26,39.9499
2012-01-27,39.8384
2012-01-28,39.7841
2012-01-31,39.9691
2012-02-01,39.9678
2012-02-02,39.6777
2012-02-03,39.7664
2012-02-04,39.7425
2012-02-07,39.5137
2012-02-08,39.4592
2012-02-09,39.4115
2012-02-10,39.4767
2012-02-11,39.6282
2012-02-14,39.6037
2012-02-15,39.5431
2012-02-16,39.4572
2012-02-17,39.3181
2012-02-18,39.3846
2012-02-21,39.3311
2012-02-22,39.5235
2012-02-23,39.4114
2012-02-25,39.3645
2012-02-28,39.1517
2012-02-29,38.9121
2012-03-01,39.1029
2012-03-02,39.0714
2012-03-03,38.949
2012-03-06,38.653
2012-03-07,38.8721
2012-03-08,38.9938
2012-03-12,38.7691
2012-03-13,38.8543
2012-03-14,38.8517
2012-03-15,38.4843
2012-03-16,38.5781
2012-03-17,38.4117
2012-03-20,38.4801
2012-03-21,38.6001
2012-03-22,38.7589
2012-03-23,38.7258
2012-03-24,38.8189
2012-03-27,38.7429
2012-03-28,38.6266
2012-03-29,38.7696
2012-03-30,39.0402
2012-03-31,39.1707
2012-04-03,39.1677
2012-04-04,39.0846
2012-04-05,38.8368
2012-04-06,38.7097
2012-04-07,38.5138
2012-04-10,38.7192
2012-04-11,38.8349
2012-04-12,39.0781
2012-04-13,38.8507
2012-04-14,38.8134
2012-04-17,38.7374
2012-04-18,38.8509
2012-04-19,38.6716
2012-04-20,38.723
2012-04-21,38.8118
2012-04-24,38.8386
2012-04-25,38.795
2012-04-26,38.6593
2012-04-27,38.7393
2012-04-28,38.7477
2012-04-29,38.9203
2012-05-03,38.8223
2012-05-04,38.735
2012-05-05,38.9157
2012-05-06,39.0001
2012-05-11,39.116
2012-05-12,39.0458
2012-05-13,38.9826
2012-05-15,39.0088
2012-05-16,38.983
2012-05-17,39.33
2012-05-18,39.3919
2012-05-19,39.7518
2012-05-22,39.8077
2012-05-23,39.7376
2012-05-24,39.7651
2012-05-25,39.7681
2012-05-26,39.8426
2012-05-29,40.1179
2012-05-30,40.2423
2012-05-31,40.4598
2012-06-01,40.8076
2012-06-02,41.6804
2012-06-05,42.2464
2012-06-06,41.5068
2012-06-07,40.9501
2012-06-08,40.4205
2012-06-09,40.9067
2012-06-10,40.7914
2012-06-14,40.9426
2012-06-15,40.939
2012-06-16,40.9078
2012-06-19,40.8231
2012-06-20,41.006
2012-06-21,41.2441
2012-06-22,41.7208
2012-06-23,42.0464
2012-06-26,41.4981
2012-06-27,41.4964
2012-06-28,41.0217
2012-06-29,41.1963
2012-06-30,41.323
2012-07-03,41.0642
2012-07-04,40.9332
2012-07-05,40.5512
2012-07-06,40.685
2012-07-07,40.3885
2012-07-10,40.5522
2012-07-11,40.5367
2012-07-12,40.2638
2012-07-13,40.0072
2012-07-14,39.8277
2012-07-17,39.8985
2012-07-18,39.924
2012-07-19,39.802
2012-07-20,39.4219
2012-07-21,39.1686
2012-07-24,39.162
2012-07-25,39.5374
2012-07-26,39.839
2012-07-27,39.6362
2012-07-28,39.6028
2012-07-31,39.5527
2012-08-01,39.5101
2012-08-02,39.8236
2012-08-03,39.7525
2012-08-04,39.6745
2012-08-07,39.5353
2012-08-08,39.2322
2012-08-09,39.2299
2012-08-10,38.9511
2012-08-11,39.1923
2012-08-14,39.1468
2012-08-15,39.2916
2012-08-16,39.2846
2012-08-17,39.1395
2012-08-18,39.366
2012-08-21,39.5468
2012-08-22,39.5449
2012-08-23,39.6202
2012-08-24,39.7527
2012-08-25,39.9087
2012-08-28,39.8379
2012-08-29,39.9748
2012-08-30,40.2846
2012-08-31,40.525
2012-09-01,40.7249
2012-09-04,40.758
2012-09-05,40.6197
2012-09-06,40.6669
2012-09-07,40.6297
2012-09-08,40.482
2012-09-11,40.5694
2012-09-12,40.6203
2012-09-13,40.509
2012-09-14,40.5678
2012-09-15,40.1868
2012-09-18,40.1481
2012-09-19,40.4367
2012-09-20,40.3416
2012-09-21,40.957
2012-09-22,40.4918
2012-09-25,40.4548
2012-09-26,40.2099
2012-09-27,40.1735
2012-09-28,40.2074
2012-09-29,39.9786
2012-10-02,40.1455
2012-10-03,40.1673
2012-10-04,40.2096
2012-10-05,40.2581
2012-10-06,40.2822
2012-10-09,40.3389
2012-10-10,40.3577
2012-10-11,40.1347
2012-10-12,40.0679
2012-10-13,40.0832
2012-10-16,40.1355
2012-10-17,40.197
2012-10-18,40.3525
2012-10-19,40.264
2012-10-20,40.214
2012-10-23,40.3416
2012-10-24,40.5798
2012-10-25,40.6544
2012-10-26,40.6311
2012-10-27,40.6948
2012-10-30,40.6233
2012-10-31,40.7148
2012-11-01,40.6548
2012-11-02,40.6323
2012-11-03,40.4918
2012-11-07,40.3134
2012-11-08,40.2748
2012-11-09,40.2189
2012-11-10,40.2238
2012-11-13,40.2146
2012-11-14,40.2323
2012-11-15,40.35
2012-11-16,40.3818
2012-11-17,40.4759
2012-11-20,40.4207
2012-11-21,40.2037
2012-11-22,40.0785
2012-11-23,40.0278
2012-11-24,40.136
2012-11-27,40.1989
2012-11-28,40.1893
2012-11-29,40.2339
2012-11-30,40.2057
2012-12-01,40.0759
2012-12-04,40.1769
2012-12-05,40.472
2012-12-06,40.4127
2012-12-07,40.357
2012-12-08,40.127
2012-12-11,39.8359
2012-12-12,39.8313
2012-12-13,39.9579
2012-12-14,40.0599
2012-12-15,40.2182
2012-12-18,40.4713
2012-12-19,40.8084
2012-12-20,40.7393
2012-12-21,40.6544
2012-12-22,40.5619
2012-12-25,40.6251
2012-12-26,40.3333
2012-12-27,40.3659
2012-12-28,40.3505
2012-12-29,40.2286
2012-12-30,40.2286
2013-01-10,39.8096
2013-01-11,39.6385
2013-01-12,40.1104
2013-01-15,40.5009
2013-01-16,40.4003
2013-01-17,40.3096
2013-01-18,40.3472
2013-01-19,40.4314
2013-01-22,40.3617
2013-01-23,40.3194
2013-01-24,40.22
2013-01-25,40.2036
2013-01-26,40.2364
2013-01-29,40.4552
2013-01-30,40.5414
2013-01-31,40.5134
2013-02-01,40.7138
2013-02-02,40.8674
2013-02-05,40.7789
2013-02-06,40.6029
2013-02-07,40.6435
2013-02-08,40.6691
2013-02-09,40.4171
2013-02-12,40.3618
2013-02-13,40.3873
2013-02-14,40.428
2013-02-15,40.3698
2013-02-16,40.2713
2013-02-19,40.1969
2013-02-20,40.2265
2013-02-21,40.3394
2013-02-22,40.0748
2013-02-23,40.1111
2013-02-26,40.081
2013-02-27,39.9216
2013-02-28,40.042
2013-03-01,40.1024
2013-03-02,40.0563
2013-03-05,40.0293
2013-03-06,40.0126
2013-03-07,40.0007
2013-03-08,39.9732
2013-03-12,40.0187
2013-03-13,40.0364
2013-03-14,40.0631
2013-03-15,39.8715
2013-03-16,40.0123
2013-03-19,39.8491
2013-03-20,39.9075
2013-03-21,39.8752
2013-03-22,39.9746
2013-03-23,39.906
2013-03-26,40.0845
2013-03-27,39.7526
2013-03-28,39.6559
2013-03-29,39.6627
2013-03-30,39.8023
2013-04-02,39.8168
2013-04-03,40.0113
2013-04-04,40.1752
2013-04-05,40.7035
2013-04-06,40.8413
2013-04-09,41.0481
2013-04-10,40.6523
2013-04-11,40.593
2013-04-12,40.3651
2013-04-13,40.5132
2013-04-16,40.9283
2013-04-17,41.1193
2013-04-18,41.1544
2013-04-19,41.3787
2013-04-20,41.1157
2013-04-23,41.2352
2013-04-24,41.3142
2013-04-25,41.0629
2013-04-26,40.8498
2013-04-27,40.6635
2013-04-30,40.8358
2013-05-01,40.6264
2013-05-07,40.7386
2013-05-08,40.645
2013-05-09,40.7404
2013-05-14,40.7345
2013-05-15,40.6768
2013-05-16,40.5517
2013-05-17,40.4175
2013-05-18,40.3747
2013-05-21,40.2633
2013-05-22,40.1903
2013-05-23,40.3372
2013-05-24,40.4026
2013-05-25,40.514
2013-05-28,40.4867
2013-05-29,40.5189
2013-05-30,40.5666
2013-05-31,40.965
2013-06-01,41.4486
2013-06-04,41.7274
2013-06-05,41.6076
2013-06-06,41.8447
2013-06-07,42.1464
2013-06-08,42.7176
2013-06-11,42.6426
2013-06-12,42.9753
2013-06-14,43.2443
2013-06-15,42.4442
2013-06-18,42.2249
2013-06-19,42.5216
2013-06-20,43.0409
2013-06-21,43.3526
2013-06-22,43.3489
2013-06-25,43.1018
2013-06-26,42.9698
2013-06-27,42.9841
2013-06-28,42.8349
2013-06-29,42.718
2013-07-02,42.8025
2013-07-03,43.0525
2013-07-04,43.0736
2013-07-05,43.0954
2013-07-06,42.8399
2013-07-09,42.7342
2013-07-10,42.6389
2013-07-11,42.1033
2013-07-12,42.6234
2013-07-13,42.6643
2013-07-16,42.6076
2013-07-17,42.5906
2013-07-18,42.6232
2013-07-19,42.4437
2013-07-20,42.592
2013-07-23,42.5088
2013-07-24,42.6209
2013-07-25,42.7229
2013-07-26,42.9919
2013-07-27,43.3421
2013-07-30,43.606
2013-07-31,43.609
2013-08-01,43.7786
2013-08-02,43.727
2013-08-03,43.7387
2013-08-06,43.6628
2013-08-07,43.6574
2013-08-08,43.8764
2013-08-09,43.9717
2013-08-10,43.9806
2013-08-13,43.8305
2013-08-14,43.9665
2013-08-15,43.9845
2013-08-16,43.8509
2013-08-17,43.9382
2013-08-20,43.8628
2013-08-21,44.0294
2013-08-22,44.2144
2013-08-23,44.2765
2013-08-24,44.1022
2013-08-27,44.0891
2013-08-28,44.2714
2013-08-29,44.3879
2013-08-30,44.084
2013-08-31,44.0129
2013-09-03,43.9561
2013-09-04,43.954
2013-09-05,44.0742
2013-09-06,43.9814
2013-09-07,43.8919
2013-09-10,43.9014
2013-09-11,43.8607
2013-09-12,43.6824
2013-09-13,43.4748
2013-09-14,43.4664
2013-09-17,43.1597
2013-09-18,43.1457
2013-09-19,43.0761
2013-09-20,42.7465
2013-09-21,42.9501
2013-09-24,43.2038
2013-09-25,42.9653
2013-09-26,43.0251
2013-09-27,43.4987
2013-09-28,43.6497
2013-10-01,43.8143
2013-10-02,43.8005
2013-10-03,43.6603
2013-10-04,43.6932
2013-10-05,43.7337
2013-10-08,43.8314
2013-10-09,43.8225
2013-10-10,43.8471
2013-10-11,43.6844
2013-10-12,43.6039
2013-10-15,43.766
2013-10-16,43.7645
2013-10-17,43.6102
2013-10-18,43.5123
2013-10-19,43.559
2013-10-22,43.6378
2013-10-23,43.661
2013-10-24,43.7126
2013-10-25,43.7249
2013-10-26,43.7625
2013-10-29,43.9036
2013-10-30,44.0323
2013-10-31,44.0586
2013-11-01,43.9406
2013-11-02,43.6179
2013-11-06,43.6672
2013-11-07,43.822
2013-11-08,43.7879
2013-11-09,43.6305
2013-11-12,43.6563
2013-11-13,43.9228
2013-11-14,44.1046
2013-11-15,44.0201
2013-11-16,43.9751
2013-11-19,43.9541
2013-11-20,44.0624
2013-11-21,44.3421
2013-11-22,44.33
2013-11-23,44.3533
2013-11-26,44.3685
2013-11-27,44.6392
2013-11-28,44.8262
2013-11-29,44.9949
2013-11-30,45.187
2013-12-03,45.0882
2013-12-04,45.0417
2013-12-05,45.1748
2013-12-06,45.1013
2013-12-07,45.0116
2013-12-10,44.9127
2013-12-11,45.0758
2013-12-12,45.0418
2013-12-13,45.1549
2013-12-14,45.1944
2013-12-17,45.2135
2013-12-18,45.2644
2013-12-19,45.3688
2013-12-20,45.0628
2013-12-21,44.968
2013-12-24,45.0863
2013-12-25,44.652
2013-12-26,44.6438
2013-12-27,44.7005
2013-12-28,44.8736
2013-12-31,44.9699
2014-01-01,45.0559
2014-01-10,45.0672
2014-01-11,45.2069
2014-01-14,45.2855
2014-01-15,45.4139
2014-01-16,45.4878
2014-01-17,45.4926
2014-01-18,45.5175
2014-01-21,45.5424
2014-01-22,45.8242
2014-01-23,45.9125
2014-01-24,46.105
2014-01-25,46.8985
2014-01-28,47.4962
2014-01-29,47.3739
2014-01-30,47.2238
2014-01-31,48.0951
2014-02-01,47.6408
2014-02-04,47.5351
2014-02-05,47.9535
2014-02-06,47.2159
2014-02-07,46.9497
2014-02-08,47.0205
2014-02-11,47.3758
2014-02-12,47.5319
2014-02-13,47.4154
2014-02-14,47.4913
2014-02-15,48.2618
2014-02-18,48.1188
2014-02-19,48.3086
2014-02-20,48.973
2014-02-21,49.1975
2014-02-22,48.9497
2014-02-25,48.7959
2014-02-26,48.8654
2014-02-27,49.1823
2014-02-28,49.3454
2014-03-01,49.5839
2014-03-04,50.1513
2014-03-05,49.952
2014-03-06,49.5446
2014-03-07,49.5925
2014-03-08,50.2625
2014-03-12,50.4707
2014-03-13,50.5593
2014-03-14,50.8096
2014-03-15,50.7635
2014-03-18,50.9442
2014-03-19,50.7621
2014-03-20,50.4146
2014-03-21,49.9628
2014-03-22,50.1804
2014-03-25,49.9167
2014-03-26,49.7042
2014-03-27,48.9521
2014-03-28,49.0484
2014-03-29,49.0519
2014-04-01,48.968
2014-04-02,48.2596
2014-04-03,48.6826
2014-04-04,48.8834
2014-04-05,48.6435
2014-04-08,48.6159
2014-04-09,48.86
2014-04-10,49.2911
2014-04-11,49.2266
2014-04-12,49.4994
2014-04-15,49.8232
2014-04-16,49.6836
2014-04-17,49.886
2014-04-18,49.7289
2014-04-19,49.1041
2014-04-22,49.2978
2014-04-23,49.2185
2014-04-24,49.282
2014-04-25,49.3175
2014-04-26,49.6969
2014-04-29,49.8219
2014-04-30,49.5064
2014-05-01,49.3188
2014-05-06,49.7361
2014-05-07,49.507
2014-05-08,49.412
2014-05-09,48.7642
2014-05-13,48.4759
2014-05-14,48.0073
2014-05-15,47.6173
2014-05-16,47.5674
2014-05-17,47.6999
2014-05-20,47.6416
2014-05-21,47.3995
2014-05-22,47.3171
2014-05-23,46.8507
2014-05-24,46.835
2014-05-27,46.4266
2014-05-28,46.7712
2014-05-29,47.0161
2014-05-30,47.1145
2014-05-31,47.2677
2014-06-03,47.5463
2014-06-04,47.6296
2014-06-05,47.8253
2014-06-06,47.4908
2014-06-07,47.3211
2014-06-10,46.8746
2014-06-11,46.7269
2014-06-12,46.4764
2014-06-17,46.8085
2014-06-18,47.2121
2014-06-19,47.1715
2014-06-20,46.696
2014-06-21,46.8821
2014-06-24,46.6478
2014-06-25,46.2212
2014-06-26,46.1576
2014-06-27,46.0226
2014-06-28,45.8251
2014-07-01,46.1827
2014-07-02,46.8335
2014-07-03,46.8398
2014-07-04,46.6863
2014-07-05,46.687
2014-07-08,46.9448
2014-07-09,46.8122
2014-07-10,46.4146
2014-07-11,46.1649
2014-07-12,46.3328
2014-07-15,46.6835
2014-07-16,46.791
2014-07-17,46.6299
2014-07-18,47.0702
2014-07-19,47.5505
2014-07-22,47.5048
2014-07-23,47.3758
2014-07-24,46.8718
2014-07-25,47.1702
2014-07-26,47.2206
2014-07-29,47.4799
2014-07-30,47.8635
2014-07-31,47.8958
2014-08-01,47.4699
2014-08-02,47.8244
2014-08-05,47.8671
2014-08-06,48.049
2014-08-07,48.2432
2014-08-08,48.4947
2014-08-09,48.7722
2014-08-12,48.2856
2014-08-13,48.2402
2014-08-14,48.411
2014-08-15,48.1416
2014-08-16,48.1231
2014-08-19,48.2398
2014-08-20,48.2133
2014-08-21,48.1924
2014-08-22,48.1686
2014-08-23,47.8548
2014-08-26,47.6641
2014-08-27,47.7282
2014-08-28,47.6177
2014-08-29,47.952
2014-08-30,48.6315
2014-09-02,48.9677
2014-09-03,49.0193
2014-09-04,49.0213
2014-09-05,48.3786
2014-09-06,47.7806
2014-09-09,47.9789
2014-09-10,47.7118
2014-09-11,48.0636
2014-09-12,48.2484
2014-09-13,48.6647
2014-09-16,49.1958
2014-09-17,50.0582
2014-09-18,49.6923
2014-09-19,49.4592
2014-09-20,49.5379
2014-09-23,49.6193
2014-09-24,49.6912
2014-09-25,49.3145
2014-09-26,48.8449
2014-09-27,49.3386
2014-09-30,49.954
2014-10-01,49.9817
2014-10-02,50.0554
2014-10-03,49.9484
2014-10-04,50.2021
2014-10-07,50.0775
2014-10-08,50.2017
2014-10-09,50.5091
2014-10-10,50.9585
2014-10-11,51.0538
2014-10-14,51.0798
2014-10-15,51.5141
2014-10-16,51.7829
2014-10-17,52.1504
2014-10-18,52.5253
2014-10-21,52.1198
2014-10-22,52.6468
2014-10-23,52.1388
2014-10-24,52.4424
2014-10-25,52.9065
2014-10-28,53.2342
2014-10-29,53.8693
2014-10-30,54.3393
2014-10-31,54.6378
2014-11-01,52.7219
2014-11-06,55.6234
2014-11-07,56.545
2014-11-08,59.3153
2014-11-11,57.2418
2014-11-12,57.0494
2014-11-13,57.8575
2014-11-14,57.4235
2014-11-15,58.9793
2014-11-18,59.3081
2014-11-19,58.6448
2014-11-20,58.909
2014-11-21,58.5817
2014-11-22,57.4377
2014-11-25,55.5336
2014-11-26,55.8779
2014-11-27,57.9052
2014-11-28,59.6215
2014-11-29,61.4108
2014-12-02,64.4425
2014-12-03,63.2414
2014-12-04,67.2652
2014-12-05,64.8443
2014-12-06,65.7168
2014-12-09,65.4248
2014-12-10,66.8809
2014-12-11,67.1989
2014-12-12,68.2942
2014-12-13,70.5289
2014-12-16,72.6642
2014-12-17,76.1516
2014-12-18,84.589
2014-12-19,73.3414
2014-12-20,74.5727
2014-12-23,69.2503
2014-12-24,66.7539
2014-12-25,66.4031
2014-12-26,64.3177
2014-12-27,63.5131
2014-12-30,69.059
2014-12-31,68.3427
2015-01-01,68.3681
2015-01-13,74.3551
2015-01-14,76.7735
2015-01-15,77.9629
2015-01-16,76.3352
2015-01-17,75.8623
2015-01-20,75.174
2015-01-21,75.2735
2015-01-22,75.8218
2015-01-23,75.7724
2015-01-24,71.9067
2015-01-27,73.5633
2015-01-28,76.2922
2015-01-29,76.2629
2015-01-30,77.569
2015-01-31,78.1105
2015-02-03,78.79
2015-02-04,76.8271
2015-02-05,75.0415
2015-02-06,77.9356
2015-02-07,75.6591
2015-02-10,74.5833
2015-02-11,74.1382
2015-02-12,74.7386
2015-02-13,74.8311
2015-02-14,74.3675
2015-02-17,71.5426
2015-02-18,71.3243
2015-02-19,71.08
2015-02-20,70.9408
2015-02-21,70.0315
2015-02-25,71.9422
2015-02-26,71.1655
2015-02-27,68.9797
2015-02-28,68.6857
2015-03-03,69.5424
2015-03-04,69.8487
2015-03-05,69.1138
2015-03-06,68.3086
2015-03-07,66.1012
2015-03-11,65.5242
2015-03-12,66.9168
2015-03-13,64.6232
2015-03-14,64.965
2015-03-17,65.4063
2015-03-18,65.4314
2015-03-19,65.0108
2015-03-20,64.1446
2015-03-21,64.0504
2015-03-24,64.1473
2015-03-25,64.3425
2015-03-26,62.7651
2015-03-27,62.0811
2015-03-28,62.5655
2015-03-31,63.3695
2015-04-01,62.0487
2015-04-02,62.7476
2015-04-03,61.6919
2015-04-04,61.7363
2015-04-07,62.0377
2015-04-08,60.4124
2015-04-09,58.7003
2015-04-10,56.5251
2015-04-11,54.2749
2015-04-14,55.5201
2015-04-15,54.8387
2015-04-16,53.6598
2015-04-17,52.9087
2015-04-18,54.5163
2015-04-21,55.5496
2015-04-22,57.5998
2015-04-23,57.7226
2015-04-24,55.1255
2015-04-25,54.659
2015-04-28,55.8747
2015-04-29,56.9016
2015-04-30,56.806
2015-05-01,57.1578
2015-05-06,57.4093
2015-05-07,56.1843
2015-05-08,57.2207
2015-05-09,56.8971
2015-05-13,57.1102
2015-05-14,55.7138
2015-05-15,57.1383
2015-05-16,56.9881
2015-05-19,56.103
2015-05-20,55.1085
2015-05-21,55.2441
2015-05-22,55.5714
2015-05-23,55.5508
2015-05-26,54.7477
2015-05-27,54.8412
2015-05-28,55.6757
2015-05-29,57.1433
2015-05-30,58.0145
2015-06-02,57.702
2015-06-03,58.6037
2015-06-04,59.113
2015-06-05,61.9471
2015-06-06,63.3221
2015-06-09,62.5053
2015-06-10,63.0721
2015-06-11,62.2064
2015-06-12,61.4754
2015-06-16,62.1045
2015-06-17,61.104
2015-06-18,60.7452
2015-06-19,60.6417
2015-06-20,60.913
2015-06-23,60.8567
2015-06-24,61.0546
2015-06-25,60.5852
2015-06-26,61.1986
2015-06-27,61.4066
2015-06-30,61.5206
2015-07-01,62.3803
2015-07-02,61.6556
2015-07-03,61.5661
2015-07-04,61.7492
2015-07-07,62.4246
2015-07-08,63.0441
2015-07-09,63.0822
2015-07-10,63.043
2015-07-11,62.9474
2015-07-14,62.9819
2015-07-15,62.6239
2015-07-16,62.3986
2015-07-17,62.1841
2015-07-18,61.9183
2015-07-21,61.6929
2015-07-22,61.7622
2015-07-23,62.3948
2015-07-24,62.933
2015-07-25,63.609
2015-07-28,65.083
2015-07-29,66.6248
2015-07-30,65.9882
2015-07-31,64.6478
2015-08-01,66.0002
2015-08-04,68.577
2015-08-05,68.9961
2015-08-06,68.1435
2015-08-07,69.6314
2015-08-08,69.8089
2015-08-11,70.754
2015-08-12,69.6762
2015-08-13,72.2078
2015-08-14,71.1475
2015-08-15,72.365
2015-08-18,72.5712
2015-08-19,72.9187
2015-08-20,72.7085
2015-08-21,74.4738
2015-08-22,76.6709
2015-08-25,81.1533
2015-08-26,80.7248
2015-08-27,79.7252
2015-08-28,76.3369
2015-08-29,75.0469
2015-09-01,74.8478
2015-09-02,73.8449
2015-09-03,75.0901
2015-09-04,75.2659
2015-09-05,75.4011
2015-09-08,76.3692
2015-09-09,76.9246
2015-09-10,75.5742
2015-09-11,76.6951
2015-09-12,76.8165
2015-09-15,77.1313
2015-09-16,75.9013
2015-09-17,74.2407
2015-09-18,73.9378
2015-09-19,74.9726
2015-09-22,74.8304
2015-09-23,73.9568
2015-09-24,73.5367
2015-09-25,74.5435
2015-09-26,73.1397
2015-09-29,73.2684
2015-09-30,74.5825
2015-10-01,73.776
2015-10-02,72.4865
2015-10-03,73.6302
2015-10-06,73.7951
2015-10-07,72.9468
2015-10-08,70.4691
2015-10-09,70.3052
2015-10-10,69.345
2015-10-13,69.5499
2015-10-14,70.8977
2015-10-15,72.0506
2015-10-16,71.281
2015-10-17,69.771
2015-10-20,69.7796
2015-10-21,70.529
2015-10-22,71.1738
2015-10-23,71.0895
2015-10-24,68.7903
2015-10-27,69.0104
2015-10-28,70.2124
2015-10-29,72.1479
2015-10-30,70.1427
2015-10-31,70.7537
2015-11-03,70.3961
2015-11-04,70.3782
2015-11-06,68.8261
2015-11-07,69.2555
2015-11-10,69.6136
2015-11-11,69.2394
2015-11-12,69.3797
2015-11-13,70.337
2015-11-14,71.8184
2015-11-17,71.3987
2015-11-18,69.7819
2015-11-19,69.0021
2015-11-20,69.339
2015-11-21,69.3886
2015-11-24,69.7037
2015-11-25,69.8076
2015-11-26,69.8987
2015-11-27,69.7034
2015-11-28,70.3859
2015-12-01,70.6478
2015-12-02,70.1345
2015-12-03,70.8647
2015-12-04,71.7404
2015-12-05,73.6721
2015-12-08,74.4079
2015-12-09,75.3111
2015-12-10,75.5595
2015-12-11,76.0674
2015-12-12,75.7472
2015-12-15,76.9659
2015-12-16,78.2312
2015-12-17,77.04
2015-12-18,76.6788
2015-12-19,77.4052
2015-12-22,77.483
2015-12-23,77.6145
2015-12-24,77.5443
2015-12-25,76.0441
2015-12-26,77.05
2015-12-29,77.6032
2015-12-30,79.547
2015-12-31,79.6972
2016-01-01,79.6395
2016-01-12,82.809
2016-01-13,83.4372
2016-01-14,82.7175
2016-01-15,83.1499
2016-01-16,83.2951
2016-01-19,85.622
2016-01-20,85.2988
2016-01-21,87.0341
2016-01-22,91.1814
2016-01-23,87.2266
2016-01-26,84.1603
2016-01-27,88.8858
2016-01-28,85.8459
2016-01-29,84.137
2016-01-30,81.9077
2016-02-02,82.8141
2016-02-03,84.9719
2016-02-04,86.5115
2016-02-05,84.8104
2016-02-06,86.5754
2016-02-09,85.6543
2016-02-10,88.0435
2016-02-11,89.2213
2016-02-12,89.3439
2016-02-13,89.8454
2016-02-16,87.1905
2016-02-17,85.0894
2016-02-18,86.9588
2016-02-19,84.0521
2016-02-20,84.9187
2016-02-21,85.8563
2016-02-25,84.0779
2016-02-26,84.2155
2016-02-27,82.9748
2016-03-01,83.1023
2016-03-02,80.5333
2016-03-03,79.9721
2016-03-04,80.21
2016-03-05,80.1161
2016-03-10,79.4488
2016-03-11,77.9817
2016-03-12,78.4131
2016-03-15,78.1798
2016-03-16,78.3285
2016-03-17,78.7532
2016-03-18,77.1572
2016-03-19,77.1992
2016-03-22,77.4647
2016-03-23,76.14
2016-03-24,75.6902
2016-03-25,76.929
2016-03-26,76.4004
2016-03-29,75.6975
2016-03-30,76.8611
2016-03-31,76.5386
2016-04-01,76.9207
2016-04-02,76.4266
2016-04-05,78.1662
2016-04-06,78.2798
2016-04-07,77.813
2016-04-08,77.3688
2016-04-09,76.6888
2016-04-12,76.4957
2016-04-13,75.8529
2016-04-14,74.6578
2016-04-16,74.3405
2016-04-19,77.1273
2016-04-20,74.3719
2016-04-21,75.0107
2016-04-22,73.4592
2016-04-23,74.6959
2016-04-26,74.9515
2016-04-27,74.9024
2016-04-28,73.8023
2016-04-29,73.9166
2016-04-30,73.3015
2016-05-05,76.0512
2016-05-06,75.5713
2016-05-07,75.5789
2016-05-11,75.5406
2016-05-12,75.4505
2016-05-13,74.1137
2016-05-14,73.6248
2016-05-17,73.4549
2016-05-18,73.1006
2016-05-19,73.3077
2016-05-20,74.2755
2016-05-21,74.4623
2016-05-24,75.2675
2016-05-25,75.0349
2016-05-26,73.4596
2016-05-27,72.8418
2016-05-28,73.8474
2016-05-31,73.497
2016-06-01,73.4406
2016-06-02,74.2098
2016-06-03,74.8191
2016-06-04,74.561
2016-06-07,74.6907
2016-06-08,74.1164
2016-06-09,73.5538
2016-06-10,72.5682
2016-06-11,73.1909
2016-06-15,74.3174
2016-06-16,73.9441
2016-06-17,74.246
2016-06-18,73.5609
2016-06-21,72.7792
2016-06-22,72.7865
2016-06-23,71.8082
2016-06-24,72.9016
2016-06-25,72.6582
2016-06-28,71.942
2016-06-29,71.7117
2016-06-30,71.2102
2016-07-01,71.2926
2016-07-02,71.0519
2016-07-05,70.8553
2016-07-06,71.6327
2016-07-07,71.5135
2016-07-08,70.9482
2016-07-09,71.1684
2016-07-12,70.8152
2016-07-13,70.9833
2016-07-14,70.5577
2016-07-15,70.5644
2016-07-16,70.3395
2016-07-19,69.7741
2016-07-20,69.6974
2016-07-21,69.6967
2016-07-22,70.3022
2016-07-23,71.2513
2016-07-26,71.209
2016-07-27,72.3478
2016-07-28,72.515
2016-07-29,73.4047
2016-07-30,74.3799
2016-08-02,73.6523
2016-08-03,74.9007
2016-08-04,74.7978
2016-08-05,73.9232
2016-08-06,73.0303
2016-08-09,72.1476
2016-08-10,71.7556
2016-08-11,72.2349
2016-08-12,72.4644
2016-08-13,71.7158
2016-08-16,71.7263
2016-08-17,71.9645
2016-08-18,72.0832
2016-08-19,71.9371
2016-08-20,72.4558
2016-08-23,72.4457
2016-08-24,73.4733
2016-08-25,73.2074
2016-08-26,73.2135
2016-08-27,73.0892
2016-08-30,72.7996
2016-08-31,72.5013
2016-09-01,72.6859
2016-09-02,72.6828
2016-09-03,73.7199
2016-09-06,72.3742
2016-09-07,72.3639
2016-09-08,72.4022
2016-09-09,72.0464
2016-09-10,72.3359
2016-09-13,73.1986
2016-09-14,72.7559
2016-09-15,72.946
2016-09-16,73.2126
2016-09-17,73.0208
2016-09-20,72.4477
2016-09-21,72.5279
2016-09-22,71.8404
2016-09-23,71.6728
2016-09-24,71.5854
2016-09-27,72.0604
2016-09-28,71.6409
2016-09-29,71.5738
2016-09-30,70.8823
2016-10-01,70.9338
2016-10-04,70.2411
2016-10-05,69.7556
2016-10-06,70.0782
2016-10-07,69.8518
2016-10-08,69.2312
2016-10-11,69.7253
2016-10-12,69.1231
2016-10-13,69.1173
2016-10-14,69.7255
2016-10-15,69.3746
2016-10-18,69.3587
2016-10-19,69.2608
2016-10-20,68.7674
2016-10-21,68.4741
2016-10-22,68.0267
2016-10-25,67.7302
2016-10-26,67.4958
2016-10-27,67.9253
2016-10-28,68.7576
2016-10-29,68.6783
2016-11-01,69.2863
2016-11-02,69.3647
2016-11-03,70.2339
2016-11-04,70.5977
2016-11-08,70.6944
2016-11-09,70.4542
2016-11-10,71.3491
2016-11-11,69.3392
2016-11-12,71.1253
2016-11-15,71.0488
2016-11-16,70.6156
2016-11-17,69.2388
2016-11-18,69.4984
2016-11-19,68.9889
2016-11-22,68.3611
2016-11-23,67.5413
2016-11-24,68.054
2016-11-25,68.0855
2016-11-26,68.4363
2016-11-29,69.1608
2016-11-30,68.8416
2016-12-01,69.3417
2016-12-02,67.6162
2016-12-03,68.4703
2016-12-06,67.766
2016-12-07,68.6902
2016-12-08,68.5002
2016-12-09,68.2458
2016-12-10,67.2086
2016-12-13,65.072
2016-12-14,64.9774
2016-12-15,64.7543
2016-12-16,64.6139
2016-12-17,64.4809
2016-12-20,64.6727
2016-12-21,64.2006
2016-12-22,63.6086
2016-12-23,63.5604
2016-12-24,63.5425
2016-12-27,63.7285
2016-12-28,63.573
2016-12-29,63.4879
2016-12-30,63.0214
2016-12-31,63.8111
2017-01-10,63.1125
2017-01-11,63.5445
2017-01-12,63.5184
2017-01-13,63.2759
2017-01-14,63.1222
2017-01-17,63.2308
2017-01-18,63.2864
2017-01-19,63.2252
2017-01-20,63.1803
2017-01-21,63.7272
2017-01-24,63.9424
2017-01-25,63.6225
2017-01-26,63.4254
2017-01-27,64.0248
2017-01-28,64.3429
2017-01-31,64.4333
2017-02-01,64.285
2017-02-02,65.0322
2017-02-03,64.7307
2017-02-04,63.8156
2017-02-07,63.1566
2017-02-08,63.2362
2017-02-09,63.4467
2017-02-10,63.0253
2017-02-11,62.6824
2017-02-14,61.7662
2017-02-15,61.2955
2017-02-16,60.0249
2017-02-17,60.654
2017-02-18,61.4496
2017-02-21,61.6987
2017-02-22,61.209
2017-02-23,60.4535
2017-02-28,61.2569
2017-03-01,61.3883
2017-03-02,61.5417
2017-03-03,61.5198
2017-03-04,61.985
2017-03-07,61.8606
2017-03-08,61.7063
2017-03-10,61.9911
2017-03-11,62.7408
2017-03-14,63.2661
2017-03-15,62.7447
2017-03-16,62.8428
2017-03-17,62.4897
2017-03-18,62.3722
2017-03-21,61.6956
2017-03-22,61.7308
2017-03-23,62.2699
2017-03-24,62.0959
2017-03-25,61.8636
2017-03-28,61.9615
2017-03-29,61.8102
2017-03-30,61.5347
2017-03-31,60.595
2017-04-01,59.8107
2017-04-04,59.8953
2017-04-05,60.2427
2017-04-06,59.6948
2017-04-07,60.0827
2017-04-08,60.5687
2017-04-11,60.7469
2017-04-12,60.3042
2017-04-13,60.2631
2017-04-14,60.2867
2017-04-15,59.7791
2017-04-18,59.8393
2017-04-19,59.6124
2017-04-20,60.2649
2017-04-21,60.6139
2017-04-22,60.3187
2017-04-25,60.8461
2017-04-26,60.7932
2017-04-27,61.5052
2017-04-28,62.1664
2017-04-29,62.044
2017-05-03,62.1515
2017-05-04,62.3224
2017-05-05,62.7298
2017-05-06,64.2398
2017-05-11,63.2634
2017-05-12,62.1595
2017-05-13,62.0915
2017-05-16,61.8449
2017-05-17,62.0382
2017-05-18,62.9568
2017-05-19,63.9967
2017-05-20,63.6479
2017-05-23,63.1713
2017-05-24,63.6189
2017-05-25,62.9203
2017-05-26,63.0116
2017-05-27,63.6689
2017-05-30,63.3684
2017-05-31,62.9484
2017-06-01,63.4107
2017-06-02,63.531
2017-06-03,63.6092
2017-06-06,63.811
2017-06-07,63.7817
2017-06-08,63.7179
2017-06-09,64.1488
2017-06-10,63.7852
2017-06-14,63.7729
2017-06-15,63.9481
2017-06-16,64.2795
2017-06-17,64.4561
2017-06-20,64.8614
2017-06-21,65.321
2017-06-22,66.798
2017-06-23,67.1495
2017-06-24,66.678
2017-06-27,66.0816
2017-06-28,65.9563
2017-06-29,67.6868
2017-06-30,67.4993
2017-07-01,67.8072
2017-07-04,67.2016
2017-07-05,67.2966
2017-07-06,67.6754
2017-07-07,68.3814
2017-07-08,68.947
2017-07-11,68.7737
2017-07-12,69.2007
2017-07-13,69.4494
2017-07-14,68.8139
2017-07-15,68.3597
2017-07-18,67.6184
2017-07-19,68.4008
2017-07-20,68.2762
2017-07-21,68.0037
2017-07-22,68.6623
2017-07-25,69.4708
2017-07-26,69.7005
2017-07-27,69.6816
2017-07-28,69.6406
2017-07-29,69.6779
2017-08-01,70.4603
2017-08-02,70.7313
2017-08-03,71.6866
2017-08-04,71.9527
2017-08-05,71.6879
2017-08-08,70.8414
2017-08-09,70.8405
2017-08-10,70.4183
2017-08-11,70.2677
2017-08-12,70.7502
2017-08-15,70.6645
2017-08-16,70.3718
2017-08-17,69.9958
2017-08-18,69.6531
2017-08-19,69.7197
2017-08-22,69.4314
2017-08-23,69.59
2017-08-24,69.5619
2017-08-25,69.7434
2017-08-26,69.6995
2017-08-29,69.8465
2017-08-30,70.4316
2017-08-31,70.2007
2017-09-01,69.6222
2017-09-02,68.9992
2017-09-05,68.7256
2017-09-06,68.7782
2017-09-07,68.4165
2017-09-08,68.2436
2017-09-09,68.6923
2017-09-12,68.649
2017-09-13,68.5469
2017-09-14,69.0977
2017-09-15,68.695
2017-09-16,68.5801
2017-09-19,68.7514
2017-09-20,69.6785
2017-09-21,69.7664
2017-09-22,69.2635
2017-09-23,69.0737
2017-09-26,68.5553
2017-09-27,68.0215
2017-09-28,68.1678
2017-09-29,68.6441
2017-09-30,68.4483
2017-10-03,67.9076
2017-10-04,67.9839
2017-10-05,67.9357
2017-10-06,67.7787
2017-10-07,67.5344
2017-10-10,68.3861
2017-10-11,68.3557
2017-10-12,68.5032
2017-10-13,68.4455
2017-10-14,68.1409
2017-10-17,67.2988
2017-10-18,67.4596
2017-10-19,67.3577
2017-10-20,67.9333
2017-10-21,67.8927
2017-10-24,67.5567
2017-10-25,67.6856
2017-10-26,67.7713
2017-10-27,68.289
2017-10-28,67.5276
2017-10-31,67.2179
2017-11-01,67.6434
2017-11-02,67.7107
2017-11-03,67.677
2017-11-04,68.0822
2017-11-08,67.7677
2017-11-09,68.704
2017-11-10,68.7865
2017-11-11,68.9791
2017-11-14,68.9178
2017-11-15,69.6787
2017-11-16,71.1721
2017-11-17,70.704
2017-11-18,70.3604
2017-11-21,69.6654
2017-11-22,69.8184
2017-11-23,69.403
2017-11-24,69.1783
2017-11-25,69.3309
2017-11-28,69.4957
2017-11-29,69.4934
2017-11-30,69.204
2017-12-01,69.5185
2017-12-02,69.7478
2017-12-05,69.9104
2017-12-06,69.6327
2017-12-07,69.706
2017-12-08,69.9323
2017-12-09,69.6434
2017-12-12,69.8023
2017-12-13,69.2982
2017-12-14,69.4653
2017-12-15,69.4048
2017-12-16,69.4298
2017-12-19,69.0946
2017-12-20,69.1735
2017-12-21,69.5033
2017-12-22,69.522
2017-12-23,69.1268
2017-12-26,69.0937
2017-12-27,68.5422
2017-12-28,68.2328
2017-12-29,68.7861
2017-12-30,68.8668
2018-01-10,68.2103
2018-01-11,67.8841
2018-01-12,68.0586
2018-01-13,68.2562
2018-01-16,68.8174
2018-01-17,69.0243
2018-01-18,69.173
2018-01-19,69.2582
2018-01-20,69.3953
2018-01-23,69.265
2018-01-24,69.0702
2018-01-25,69.4484
2018-01-26,69.458
2018-01-27,69.6073
2018-01-30,69.8513
2018-01-31,69.5424
2018-02-01,69.9322
2018-02-02,69.7921
2018-02-03,70.0958
2018-02-06,70.4959
2018-02-07,70.9294
2018-02-08,70.531
2018-02-09,70.7713
2018-02-10,71.3943
2018-02-13,71.245
2018-02-14,71.167
2018-02-15,71.2329
2018-02-16,70.6718
2018-02-17,70.6471
2018-02-20,69.9001
2018-02-21,69.8928
2018-02-22,69.8087
2018-02-23,69.6341
2018-02-27,68.9224
2018-02-28,68.6599
2018-03-01,68.9062
2018-03-02,68.8826
2018-03-03,69.4671
2018-03-06,70.1702
2018-03-07,69.7317
2018-03-08,70.5299
2018-03-13,69.7972
2018-03-14,70.1564
2018-03-15,70.5338
2018-03-16,70.5151
2018-03-17,70.8099
2018-03-20,70.6049
2018-03-21,71.2347
2018-03-22,70.5699
2018-03-23,70.31
2018-03-24,70.4303
2018-03-27,70.5708
2018-03-28,71.2625
2018-03-29,71.3339
2018-03-30,71.0942
2018-03-31,70.5618
2018-04-03,70.6038
2018-04-04,70.9207
2018-04-05,70.958
2018-04-06,70.5926
2018-04-07,70.7069
2018-04-10,71.8847
2018-04-11,76.8522
2018-04-12,79.2839
2018-04-13,76.7569
2018-04-14,75.7507
2018-04-17,76.8403
2018-04-18,75.8448
2018-04-19,76.0868
2018-04-20,75.4034
2018-04-21,75.6532
2018-04-24,75.7924
2018-04-25,75.2121
2018-04-26,75.3281
2018-04-27,76.1812
2018-04-28,75.7605
2018-04-29,75.2056
2018-05-04,76.1261
2018-05-05,75.6392
2018-05-08,74.8125
2018-05-09,75.0409
2018-05-11,74.1772
2018-05-12,73.5145
2018-05-15,73.943
2018-05-16,73.8601
2018-05-17,73.7796
2018-05-18,73.0236
2018-05-19,73.1769
2018-05-22,73.3321
2018-05-23,72.239
2018-05-24,72.1826
2018-05-25,72.0082
2018-05-26,72.1183
2018-05-29,72.8322
2018-05-30,72.5269
2018-05-31,72.5211
2018-06-01,72.5806
2018-06-02,72.7183
2018-06-05,72.4384
2018-06-06,72.513
2018-06-07,72.8637
2018-06-08,73.0686
2018-06-09,73.7916
2018-06-10,73.3654
2018-06-14,74.1365
2018-06-15,73.5621
2018-06-16,72.5329
2018-06-19,73.4825
2018-06-20,74.1847
2018-06-21,73.6118
2018-06-22,73.6871
2018-06-23,73.7247
2018-06-26,73.3112
2018-06-27,73.4087
2018-06-28,73.6038
2018-06-29,73.0884
2018-06-30,72.9921
2018-07-03,73.469
2018-07-04,73.7012
2018-07-05,73.7097
2018-07-06,73.9641
2018-07-07,73.9028
2018-07-10,73.9365
2018-07-11,73.347
2018-07-12,72.8472
2018-07-13,72.6817
2018-07-14,72.4659
2018-07-17,72.7955
2018-07-18,73.2427
2018-07-19,73.1345
2018-07-20,73.4808
2018-07-21,73.9327
2018-07-24,74.1286
2018-07-25,73.5261
2018-07-26,73.751
2018-07-27,73.8181
2018-07-28,73.3442
2018-07-31,73.2021
2018-08-01,73.0738
2018-08-02,73.1064
2018-08-03,73.4206
2018-08-04,73.4744
2018-08-07,73.4095
2018-08-08,73.5632
2018-08-09,73.8211
2018-08-10,76.825
2018-08-11,76.676
2018-08-14,77.6519
2018-08-15,76.2325
2018-08-16,75.2253
2018-08-17,76.0576
2018-08-18,76.1848
2018-08-21,76.7204
2018-08-22,77.3491
2018-08-23,78.1983
2018-08-24,79.2502
2018-08-25,78.4072
2018-08-28,78.2269
2018-08-29,78.76
2018-08-30,79.5594
2018-08-31,79.6765
2018-09-01,79.4966
2018-09-04,78.6376
2018-09-05,79.02
2018-09-06,79.1362
2018-09-07,79.3685
2018-09-08,80.3562
2018-09-11,80.6702
2018-09-12,81.3942
2018-09-13,80.6488
2018-09-14,79.7699
2018-09-15,79.9521
2018-09-18,79.3595
2018-09-19,79.1749
2018-09-20,78.3613
2018-09-21,77.7529
2018-09-22,78.0753
2018-09-25,77.6844
2018-09-26,77.3832
2018-09-27,77.3846
2018-09-28,77.0407
2018-09-29,76.2294
2018-10-02,75.9877
2018-10-03,75.2272
2018-10-04,75.7353
2018-10-05,76.0505
2018-10-06,76.661
2018-10-09,76.987
2018-10-10,76.211
2018-10-11,76.071
2018-10-12,77.0824
2018-10-13,76.5047
2018-10-16,76.054
2018-10-17,75.9236
2018-10-18,75.6512
2018-10-19,75.5692
2018-10-20,75.3241
2018-10-23,75.3702
2018-10-24,74.8584
2018-10-25,75.0806
2018-10-26,74.9851
2018-10-27,74.6658
2018-10-30,75.0399
2018-10-31,74.7918
2018-11-01,74.4189
2018-11-02,74.5803
2018-11-03,74.9906
2018-11-07,75.3158
2018-11-08,75.6817
2018-11-09,75.6711
2018-11-10,75.8076
2018-11-13,76.0926
2018-11-14,76.0737
2018-11-15,76.7556
2018-11-16,75.5358
2018-11-17,74.9022
2018-11-20,75.3218
2018-11-21,75.1825
2018-11-22,75.1483
2018-11-23,74.8048
2018-11-24,74.9385
2018-11-27,75.5655
2018-11-28,75.6217
2018-11-29,75.5191
2018-11-30,75.8897
2018-12-01,75.7484
2018-12-04,75.3874
2018-12-05,75.6562
2018-12-06,75.7051
2018-12-07,75.6071
2018-12-08,76.0777
2018-12-11,75.7075
2018-12-12,75.6197
2018-12-13,75.2168
2018-12-14,75.3916
2018-12-15,75.389
2018-12-18,75.3814
2018-12-19,75.7761
2018-12-20,76.4742
2018-12-21,76.9377
2018-12-22,77.9717
2018-12-25,77.8886
2018-12-26,78.4309
2018-12-27,78.5237
2018-12-28,78.388
2018-12-29,79.6581
2018-12-30,79.4605
2019-01-10,76.9066
2019-01-11,77.2105
2019-01-12,77.1282
2019-01-15,77.0692
2019-01-16,76.9498
2019-01-17,76.135
2019-01-18,75.633
2019-01-19,75.5841
2019-01-22,75.5481
2019-01-23,75.5541
2019-01-24,75.3861
2019-01-25,75.0306
2019-01-26,74.6312
2019-01-29,75.1932
2019-01-30,75.8811
2019-01-31,75.5706
2019-02-01,75.2006
2019-02-02,75.148
2019-02-05,75.0565
2019-02-06,74.9127
2019-02-07,74.7703
2019-02-08,74.9656
2019-02-09,74.8954
2019-02-12,74.3243
2019-02-13,74.1459
2019-02-14,74.3872
2019-02-15,75.0471
2019-02-16,75.2492
2019-02-19,74.9055
2019-02-20,74.8151
2019-02-21,74.6816
2019-02-22,74.2963
2019-02-23,74.3332
2019-02-26,74.0876
2019-02-27,74.4898
2019-02-28,74.8249
2019-03-01,74.9691
2019-03-02,74.8048
2019-03-05,74.7438
2019-03-06,74.5058
2019-03-07,74.4158
2019-03-08,74.573
2019-03-12,74.2896
2019-03-13,74.0672
2019-03-14,74.0237
2019-03-15,74.0613
2019-03-16,74.0686
2019-03-19,73.361
2019-03-20,72.9995
2019-03-21,72.9389
2019-03-22,72.787
2019-03-23,72.59
2019-03-26,72.9229
2019-03-27,72.5808
2019-03-28,72.7182
2019-03-29,72.8884
2019-03-30,72.723
2019-04-02,73.4967
2019-04-03,73.3162
2019-04-04,73.1725
2019-04-05,73.4223
2019-04-06,73.4392
2019-04-09,73.3617
2019-04-10,72.9708
2019-04-11,72.946
2019-04-12,72.6551
2019-04-13,72.8398
2019-04-16,72.7018
2019-04-17,72.6515
2019-04-18,72.3602
2019-04-19,72.244
2019-04-20,71.9232
2019-04-23,71.721
2019-04-24,71.7453
2019-04-25,71.715
2019-04-26,72.1111
2019-04-27,72.0882
2019-04-30,72.2024
2019-05-01,72.3096
2019-05-07,73.1099
2019-05-08,73.0817
2019-05-09,73.0888
2019-05-14,73.5231
2019-05-15,73.3712
2019-05-16,72.6891
2019-05-17,72.3651
2019-05-18,72.2464
2019-05-21,71.9631
2019-05-22,71.9654
2019-05-23,71.8427
2019-05-24,71.8369
2019-05-25,72.3186
2019-05-28,72.1863
2019-05-29,72.168
2019-05-30,72.4118
2019-05-31,72.4229
2019-06-01,72.8436
2019-06-04,73.218
2019-06-05,73.4239
2019-06-06,73.369
2019-06-07,73.2708
2019-06-08,73.2605
2019-06-11,73.2148
2019-06-12,73.0448
2019-06-14,73.0141
2019-06-15,72.6993
2019-06-18,72.1077
2019-06-19,72.2291
2019-06-20,71.6377
2019-06-21,71.5457
2019-06-22,71.349
2019-06-25,71.5973
2019-06-26,71.2323
2019-06-27,71.3816
2019-06-28,71.6635
2019-06-29,71.8179
2019-07-02,71.3962
2019-07-03,71.408
2019-07-04,71.6034
2019-07-05,71.542
2019-07-06,71.6593
2019-07-09,71.7067
2019-07-10,71.4626
2019-07-11,71.5631
2019-07-12,71.0073
2019-07-13,71.0114
2019-07-16,70.8574
2019-07-17,70.6771
2019-07-18,70.5552
2019-07-19,70.6068
2019-07-20,70.7941
2019-07-23,70.6546
2019-07-24,70.635
2019-07-25,70.3241
2019-07-26,70.294
2019-07-27,70.311
2019-07-30,70.6417
2019-07-31,70.598
2019-08-01,70.7355
2019-08-02,70.4727
2019-08-03,71.7077
2019-08-06,72.3732
2019-08-07,73.073
2019-08-08,72.8914
2019-08-09,73.0432
2019-08-10,73.0196
2019-08-13,73.1231
2019-08-14,73.4149
2019-08-15,72.9037
2019-08-16,73.455
2019-08-17,73.2227
2019-08-20,73.9484
2019-08-21,73.9766
2019-08-22,73.4989
2019-08-23,72.8312
2019-08-24,72.6243
2019-08-27,73.3955
2019-08-28,73.6091
2019-08-29,73.6583
2019-08-30,73.9558
2019-08-31,73.3847
2019-09-03,73.1726
2019-09-04,73.2032
2019-09-05,73.0638
2019-09-06,72.8761
2019-09-07,72.8883
2019-09-10,72.33
2019-09-11,72.3039
2019-09-12,72.224
2019-09-13,71.8273
2019-09-14,71.5307
2019-09-17,70.6695
2019-09-18,70.604
2019-09-19,71.2391
2019-09-20,70.9373
2019-09-21,70.5975
2019-09-24,70.2759
2019-09-25,70.0193
2019-09-26,70.5868
2019-09-27,70.3834
2019-09-28,70.3161
2019-10-01,70.7169
2019-10-02,70.8449
2019-10-03,71.4669
2019-10-04,71.2991
2019-10-05,71.3509
2019-10-08,71.1464
2019-10-09,71.2372
2019-10-10,71.4511
2019-10-11,71.2999
2019-10-12,70.7296
2019-10-15,70.9305
2019-10-16,70.8473
2019-10-17,71.0503
2019-10-18,70.9023
2019-10-19,71.1299
2019-10-22,71.1696
2019-10-23,70.9196
2019-10-24,70.9644
2019-10-25,71.14
2019-10-26,71.1194
2019-10-29,70.8382
2019-10-30,70.7769
2019-10-31,71.0081
2019-11-01,71.1918
2019-11-02,71.4785
2019-11-06,70.4203
2019-11-07,70.4301
2019-11-08,70.5489
2019-11-09,70.4211
2019-11-12,70.4759
2019-11-13,70.4235
2019-11-14,70.6724
2019-11-15,70.6761
2019-11-16,70.4111
2019-11-19,70.5313
2019-11-20,70.6286
2019-11-21,70.8524
2019-11-22,70.6997
2019-11-23,70.5207
2019-11-26,70.3122
2019-11-27,70.5159
2019-11-28,70.4398
2019-11-29,70.5747
2019-11-30,70.5475
2019-12-03,70.973
2019-12-04,71.0608
2019-12-05,71.1086
2019-12-06,70.7245
2019-12-07,70.7594
2019-12-10,70.5047
2019-12-11,70.3881
2019-12-12,70.4558
2019-12-13,70.4271
2019-12-14,69.8608
2019-12-17,69.9431
2019-12-18,69.6801
2019-12-19,69.6925
2019-12-20,69.5877
2019-12-21,69.378
2019-12-24,68.9978
2019-12-25,68.9062
2019-12-26,68.4065
2019-12-27,68.5003
2019-12-28,69.0349
2019-12-31,69.3406
2020-01-01,69.3777
2020-01-10,68.0555
2020-01-11,68.045
2020-01-14,67.8162
2020-01-15,68.4213
2020-01-16,68.3747
2020-01-17,68.656
2020-01-18,68.5358
2020-01-21,68.2082
2020-01-22,68.6222
2020-01-23,68.5186
2020-01-24,68.6856
2020-01-25,68.2924
2020-01-28,68.7775
2020-01-29,69.226
2020-01-30,68.6764
2020-01-31,69.4151
2020-02-01,69.5976
2020-02-04,70.7921
2020-02-05,70.1265
2020-02-06,69.7443
2020-02-07,69.0837
2020-02-08,69.6288
2020-02-11,69.8226
2020-02-12,69.7684
2020-02-13,68.7843
2020-02-14,69.1795
2020-02-15,68.771
2020-02-18,68.6201
2020-02-19,69.0882
2020-02-20,68.7823
2020-02-21,68.7705
2020-02-22,69.4191
2020-02-26,70.4591
2020-02-27,71.2439
2020-02-28,71.6458
2020-02-29,73.7235
2020-03-03,73.4178
2020-03-04,73.9385
2020-03-05,73.7369
2020-03-06,73.6842
2020-03-07,75.8424
2020-03-11,81.8588
2020-03-12,81.0207
2020-03-13,83.6584
2020-03-14,81.861
2020-03-17,82.7471
2020-03-18,82.3056
2020-03-19,84.8881
2020-03-20,87.2669
2020-03-21,84.1552
2020-03-24,86.705
2020-03-25,85.4253
2020-03-26,84.1485
2020-03-27,85.9648
2020-03-28,85.7389
2020-04-07,82.6346
2020-04-08,82.012
2020-04-09,82.2341
2020-04-10,81.0882
2020-04-11,80.7358
2020-04-14,80.5387
2020-04-15,80.1186
2020-04-16,80.6731
2020-04-17,81.2791
2020-04-18,80.111
2020-04-21,81.1019
2020-04-22,82.616
2020-04-23,83.6826
2020-04-24,81.1468
2020-04-25,80.2528
2020-04-28,80.7611
2020-04-29,80.7749
2020-04-30,80.0488
2020-05-01,79.1189
2020-05-07,80.0598
2020-05-08,80.0611
2020-05-09,80.0039
2020-05-13,79.4394
2020-05-14,79.7775
2020-05-15,79.9033
2020-05-16,79.1279
2020-05-19,78.9422
2020-05-20,79.1677
2020-05-21,79.1813
2020-05-22,77.7965
2020-05-23,78.4431
2020-05-26,77.8823
2020-05-27,77.7854
2020-05-28,77.9069
2020-05-29,78.2611
2020-05-30,78.5489
2020-06-02,77.6376
2020-06-03,76.7782
2020-06-04,76.6243
2020-06-05,77.3245
2020-06-06,77.9658
2020-06-09,77.1861
2020-06-10,77.3481
2020-06-11,77.9229
2020-06-12,78.5225
2020-06-16,79.1451
2020-06-17,79.0434
2020-06-18,78.3829
2020-06-19,78.2924
2020-06-20,78.0047
2020-06-23,77.8285
2020-06-24,77.6832
2020-06-25,77.759
2020-06-26,78.0589
2020-06-27,77.5413
2020-06-30,78.6812
2020-07-01,78.9929
2020-07-02,79.1901
2020-07-03,79.5181
2020-07-04,79.2207
2020-07-07,80.5581
2020-07-08,81.4676
2020-07-09,80.4062
2020-07-10,80.4134
2020-07-11,80.2689
2020-07-14,80.0937
2020-07-15,80.623
2020-07-16,80.8392
2020-07-17,81.2318
2020-07-18,81.6821
2020-07-21,82.3902
2020-07-22,81.2499
2020-07-23,81.5904
2020-07-24,82.1893
2020-07-25,83.1031